Date,Month,Day,Hours,Minutes,Weekend ,Intensity
1,10,Sat,0,15,1,336
1,10,Sat,0,30,1,229
1,10,Sat,0,45,1,219
1,10,Sat,1,0,1,222
1,10,Sat,1,15,1,207
1,10,Sat,1,30,1,202
1,10,Sat,1,45,1,190
1,10,Sat,2,0,1,184
1,10,Sat,2,15,1,162
1,10,Sat,2,30,1,160
1,10,Sat,2,45,1,162
1,10,Sat,3,0,1,162
1,10,Sat,3,15,1,152
1,10,Sat,3,30,1,144
1,10,Sat,3,45,1,141
1,10,Sat,4,0,1,140
1,10,Sat,4,15,1,138
1,10,Sat,4,30,1,136
1,10,Sat,4,45,1,136
1,10,Sat,5,0,1,139
1,10,Sat,5,15,1,139
1,10,Sat,5,30,1,143
1,10,Sat,5,45,1,167
1,10,Sat,6,0,1,178
1,10,Sat,6,15,1,187
1,10,Sat,6,30,1,193
1,10,Sat,6,45,1,203
1,10,Sat,7,0,1,201
1,10,Sat,7,15,1,209
1,10,Sat,7,30,1,214
1,10,Sat,7,45,1,224
1,10,Sat,8,0,1,228
1,10,Sat,8,15,1,226
1,10,Sat,8,30,1,234
1,10,Sat,8,45,1,241
1,10,Sat,9,0,1,250
1,10,Sat,9,15,1,244
1,10,Sat,9,30,1,246
1,10,Sat,9,45,1,241
1,10,Sat,10,0,1,244
1,10,Sat,10,15,1,253
1,10,Sat,10,30,1,253
1,10,Sat,10,45,1,253
1,10,Sat,11,0,1,253
1,10,Sat,11,15,1,253
1,10,Sat,11,30,1,253
1,10,Sat,11,45,1,253
1,10,Sat,12,0,1,253
1,10,Sat,12,15,1,253
1,10,Sat,12,30,1,253
1,10,Sat,12,45,1,253
1,10,Sat,13,0,1,253
1,10,Sat,13,15,1,253
1,10,Sat,13,30,1,253
1,10,Sat,13,45,1,253
1,10,Sat,14,0,1,253
1,10,Sat,14,15,1,253
1,10,Sat,14,30,1,253
1,10,Sat,14,45,1,253
1,10,Sat,15,0,1,253
1,10,Sat,15,15,1,253
1,10,Sat,15,30,1,253
1,10,Sat,15,45,1,253
1,10,Sat,16,0,1,253
1,10,Sat,16,15,1,253
1,10,Sat,16,30,1,308
1,10,Sat,16,45,1,310
1,10,Sat,17,0,1,317
1,10,Sat,17,15,1,319
1,10,Sat,17,30,1,323
1,10,Sat,17,45,1,338
1,10,Sat,18,0,1,335
1,10,Sat,18,15,1,339
1,10,Sat,18,30,1,344
1,10,Sat,18,45,1,354
1,10,Sat,19,0,1,351
1,10,Sat,19,15,1,355
1,10,Sat,19,30,1,348
1,10,Sat,19,45,1,358
1,10,Sat,20,0,1,359
1,10,Sat,20,15,1,357
1,10,Sat,20,30,1,352
1,10,Sat,20,45,1,343
1,10,Sat,21,0,1,335
1,10,Sat,21,15,1,338
1,10,Sat,21,30,1,330
1,10,Sat,21,45,1,318
1,10,Sat,22,0,1,299
1,10,Sat,22,15,1,294
1,10,Sat,22,30,1,290
1,10,Sat,22,45,1,280
1,10,Sat,23,0,1,269
1,10,Sat,23,15,1,261
1,10,Sat,23,30,1,257
1,10,Sat,23,45,1,248
2,10,Sun,0,0,0,239
2,10,Sun,0,15,0,231
2,10,Sun,0,30,0,227
2,10,Sun,0,45,0,212
2,10,Sun,1,0,0,212
2,10,Sun,1,15,0,205
2,10,Sun,1,30,0,199
2,10,Sun,1,45,0,187
2,10,Sun,2,0,0,183
2,10,Sun,2,15,0,163
2,10,Sun,2,30,0,156
2,10,Sun,2,45,0,147
2,10,Sun,3,0,0,148
2,10,Sun,3,15,0,143
2,10,Sun,3,30,0,133
2,10,Sun,3,45,0,131
2,10,Sun,4,0,0,125
2,10,Sun,4,15,0,129
2,10,Sun,4,30,0,120
2,10,Sun,4,45,0,133
2,10,Sun,5,0,0,138
2,10,Sun,5,15,0,139
2,10,Sun,5,30,0,146
2,10,Sun,5,45,0,168
2,10,Sun,6,0,0,178
2,10,Sun,6,15,0,187
2,10,Sun,6,30,0,196
2,10,Sun,6,45,0,207
2,10,Sun,7,0,0,212
2,10,Sun,7,15,0,212
2,10,Sun,7,30,0,230
2,10,Sun,7,45,0,251
2,10,Sun,8,0,0,263
2,10,Sun,8,15,0,280
2,10,Sun,8,30,0,298
2,10,Sun,8,45,0,308
2,10,Sun,9,0,0,313
2,10,Sun,9,15,0,306
2,10,Sun,9,30,0,307
2,10,Sun,9,45,0,317
2,10,Sun,10,0,0,322
2,10,Sun,10,15,0,328
2,10,Sun,10,30,0,328
2,10,Sun,10,45,0,342
2,10,Sun,11,0,0,355
2,10,Sun,11,15,0,366
2,10,Sun,11,30,0,355
2,10,Sun,11,45,0,361
2,10,Sun,12,0,0,365
2,10,Sun,12,15,0,357
2,10,Sun,12,30,0,352
2,10,Sun,12,45,0,359
2,10,Sun,13,0,0,357
2,10,Sun,13,15,0,363
2,10,Sun,13,30,0,357
2,10,Sun,13,45,0,344
2,10,Sun,14,0,0,347
2,10,Sun,14,15,0,332
2,10,Sun,14,30,0,328
2,10,Sun,14,45,0,325
2,10,Sun,15,0,0,334
2,10,Sun,15,15,0,321
2,10,Sun,15,30,0,317
2,10,Sun,15,45,0,318
2,10,Sun,16,0,0,314
2,10,Sun,16,15,0,318
2,10,Sun,16,30,0,318
2,10,Sun,16,45,0,317
2,10,Sun,17,0,0,316
2,10,Sun,17,15,0,334
2,10,Sun,17,30,0,345
2,10,Sun,17,45,0,355
2,10,Sun,18,0,0,362
2,10,Sun,18,15,0,359
2,10,Sun,18,30,0,369
2,10,Sun,18,45,0,375
2,10,Sun,19,0,0,380
2,10,Sun,19,15,0,383
2,10,Sun,19,30,0,388
2,10,Sun,19,45,0,394
2,10,Sun,20,0,0,390
2,10,Sun,20,15,0,374
2,10,Sun,20,30,0,370
2,10,Sun,20,45,0,364
2,10,Sun,21,0,0,360
2,10,Sun,21,15,0,347
2,10,Sun,21,30,0,325
2,10,Sun,21,45,0,324
2,10,Sun,22,0,0,313
2,10,Sun,22,15,0,298
2,10,Sun,22,30,0,287
2,10,Sun,22,45,0,271
2,10,Sun,23,0,0,259
2,10,Sun,23,15,0,258
2,10,Sun,23,30,0,258
2,10,Sun,23,45,0,254
3,10,Mon,0,0,0,240
3,10,Mon,0,15,0,227
3,10,Mon,0,30,0,219
3,10,Mon,0,45,0,209
3,10,Mon,1,0,0,210
3,10,Mon,1,15,0,200
3,10,Mon,1,30,0,192
3,10,Mon,1,45,0,186
3,10,Mon,2,0,0,177
3,10,Mon,2,15,0,172
3,10,Mon,2,30,0,162
3,10,Mon,2,45,0,167
3,10,Mon,3,0,0,163
3,10,Mon,3,15,0,134
3,10,Mon,3,30,0,136
3,10,Mon,3,45,0,132
3,10,Mon,4,0,0,124
3,10,Mon,4,15,0,125
3,10,Mon,4,30,0,121
3,10,Mon,4,45,0,125
3,10,Mon,5,0,0,133
3,10,Mon,5,15,0,136
3,10,Mon,5,30,0,149
3,10,Mon,5,45,0,166
3,10,Mon,6,0,0,168
3,10,Mon,6,15,0,189
3,10,Mon,6,30,0,196
3,10,Mon,6,45,0,204
3,10,Mon,7,0,0,209
3,10,Mon,7,15,0,216
3,10,Mon,7,30,0,233
3,10,Mon,7,45,0,262
3,10,Mon,8,0,0,268
3,10,Mon,8,15,0,274
3,10,Mon,8,30,0,294
3,10,Mon,8,45,0,313
3,10,Mon,9,0,0,319
3,10,Mon,9,15,0,312
3,10,Mon,9,30,0,319
3,10,Mon,9,45,0,315
3,10,Mon,10,0,0,325
3,10,Mon,10,15,0,333
3,10,Mon,10,30,0,328
3,10,Mon,10,45,0,335
3,10,Mon,11,0,0,343
3,10,Mon,11,15,0,354
3,10,Mon,11,30,0,349
3,10,Mon,11,45,0,354
3,10,Mon,12,0,0,351
3,10,Mon,12,15,0,367
3,10,Mon,12,30,0,364
3,10,Mon,12,45,0,361
3,10,Mon,13,0,0,359
3,10,Mon,13,15,0,354
3,10,Mon,13,30,0,345
3,10,Mon,13,45,0,347
3,10,Mon,14,0,0,348
3,10,Mon,14,15,0,354
3,10,Mon,14,30,0,353
3,10,Mon,14,45,0,352
3,10,Mon,15,0,0,345
3,10,Mon,15,15,0,332
3,10,Mon,15,30,0,340
3,10,Mon,15,45,0,346
3,10,Mon,16,0,0,334
3,10,Mon,16,15,0,337
3,10,Mon,16,30,0,343
3,10,Mon,16,45,0,335
3,10,Mon,17,0,0,344
3,10,Mon,17,15,0,339
3,10,Mon,17,30,0,349
3,10,Mon,17,45,0,348
3,10,Mon,18,0,0,358
3,10,Mon,18,15,0,372
3,10,Mon,18,30,0,373
3,10,Mon,18,45,0,374
3,10,Mon,19,0,0,375
3,10,Mon,19,15,0,380
3,10,Mon,19,30,0,374
3,10,Mon,19,45,0,386
3,10,Mon,20,0,0,387
3,10,Mon,20,15,0,381
3,10,Mon,20,30,0,368
3,10,Mon,20,45,0,379
3,10,Mon,21,0,0,352
3,10,Mon,21,15,0,349
3,10,Mon,21,30,0,327
3,10,Mon,21,45,0,316
3,10,Mon,22,0,0,301
3,10,Mon,22,15,0,284
3,10,Mon,22,30,0,277
3,10,Mon,22,45,0,269
3,10,Mon,23,0,0,264
3,10,Mon,23,15,0,252
3,10,Mon,23,30,0,249
3,10,Mon,23,45,0,243
4,10,Tue,0,0,0,238
4,10,Tue,0,15,0,228
4,10,Tue,0,30,0,228
4,10,Tue,0,45,0,225
4,10,Tue,1,0,0,217
4,10,Tue,1,15,0,211
4,10,Tue,1,30,0,207
4,10,Tue,1,45,0,183
4,10,Tue,2,0,0,184
4,10,Tue,2,15,0,176
4,10,Tue,2,30,0,169
4,10,Tue,2,45,0,169
4,10,Tue,3,0,0,158
4,10,Tue,3,15,0,143
4,10,Tue,3,30,0,139
4,10,Tue,3,45,0,123
4,10,Tue,4,0,0,125
4,10,Tue,4,15,0,137
4,10,Tue,4,30,0,135
4,10,Tue,4,45,0,136
4,10,Tue,5,0,0,150
4,10,Tue,5,15,0,150
4,10,Tue,5,30,0,149
4,10,Tue,5,45,0,182
4,10,Tue,6,0,0,190
4,10,Tue,6,15,0,197
4,10,Tue,6,30,0,206
4,10,Tue,6,45,0,209
4,10,Tue,7,0,0,215
4,10,Tue,7,15,0,223
4,10,Tue,7,30,0,234
4,10,Tue,7,45,0,255
4,10,Tue,8,0,0,262
4,10,Tue,8,15,0,268
4,10,Tue,8,30,0,276
4,10,Tue,8,45,0,306
4,10,Tue,9,0,0,315
4,10,Tue,9,15,0,310
4,10,Tue,9,30,0,317
4,10,Tue,9,45,0,322
4,10,Tue,10,0,0,320
4,10,Tue,10,15,0,329
4,10,Tue,10,30,0,328
4,10,Tue,10,45,0,335
4,10,Tue,11,0,0,341
4,10,Tue,11,15,0,347
4,10,Tue,11,30,0,347
4,10,Tue,11,45,0,357
4,10,Tue,12,0,0,353
4,10,Tue,12,15,0,347
4,10,Tue,12,30,0,350
4,10,Tue,12,45,0,342
4,10,Tue,13,0,0,340
4,10,Tue,13,15,0,341
4,10,Tue,13,30,0,350
4,10,Tue,13,45,0,337
4,10,Tue,14,0,0,331
4,10,Tue,14,15,0,331
4,10,Tue,14,30,0,353
4,10,Tue,14,45,0,335
4,10,Tue,15,0,0,330
4,10,Tue,15,15,0,327
4,10,Tue,15,30,0,329
4,10,Tue,15,45,0,338
4,10,Tue,16,0,0,329
4,10,Tue,16,15,0,331
4,10,Tue,16,30,0,335
4,10,Tue,16,45,0,324
4,10,Tue,17,0,0,334
4,10,Tue,17,15,0,349
4,10,Tue,17,30,0,355
4,10,Tue,17,45,0,351
4,10,Tue,18,0,0,359
4,10,Tue,18,15,0,365
4,10,Tue,18,30,0,377
4,10,Tue,18,45,0,374
4,10,Tue,19,0,0,380
4,10,Tue,19,15,0,383
4,10,Tue,19,30,0,386
4,10,Tue,19,45,0,385
4,10,Tue,20,0,0,389
4,10,Tue,20,15,0,382
4,10,Tue,20,30,0,370
4,10,Tue,20,45,0,375
4,10,Tue,21,0,0,361
4,10,Tue,21,15,0,337
4,10,Tue,21,30,0,336
4,10,Tue,21,45,0,322
4,10,Tue,22,0,0,311
4,10,Tue,22,15,0,288
4,10,Tue,22,30,0,284
4,10,Tue,22,45,0,272
4,10,Tue,23,0,0,268
4,10,Tue,23,15,0,255
4,10,Tue,23,30,0,253
4,10,Tue,23,45,0,239
5,10,Wed,0,0,0,236
5,10,Wed,0,15,0,218
5,10,Wed,0,30,0,220
5,10,Wed,0,45,0,211
5,10,Wed,1,0,0,203
5,10,Wed,1,15,0,203
5,10,Wed,1,30,0,185
5,10,Wed,1,45,0,174
5,10,Wed,2,0,0,168
5,10,Wed,2,15,0,166
5,10,Wed,2,30,0,172
5,10,Wed,2,45,0,167
5,10,Wed,3,0,0,163
5,10,Wed,3,15,0,144
5,10,Wed,3,30,0,139
5,10,Wed,3,45,0,136
5,10,Wed,4,0,0,131
5,10,Wed,10,0,0,320
5,10,Wed,10,15,0,316
5,10,Wed,10,30,0,320
5,10,Wed,10,45,0,332
5,10,Wed,11,0,0,344
5,10,Wed,11,15,0,352
5,10,Wed,11,30,0,348
5,10,Wed,11,45,0,341
5,10,Wed,12,0,0,344
5,10,Wed,12,15,0,349
5,10,Wed,12,30,0,343
5,10,Wed,12,45,0,345
5,10,Wed,13,0,0,338
5,10,Wed,13,15,0,337
5,10,Wed,13,30,0,340
5,10,Wed,13,45,0,333
5,10,Wed,14,0,0,327
5,10,Wed,14,15,0,323
5,10,Wed,14,30,0,329
5,10,Wed,14,45,0,330
5,10,Wed,15,0,0,324
5,10,Wed,15,15,0,336
5,10,Wed,15,30,0,331
5,10,Wed,15,45,0,330
5,10,Wed,16,0,0,327
5,10,Wed,16,15,0,333
5,10,Wed,16,30,0,333
5,10,Wed,16,45,0,322
5,10,Wed,17,0,0,329
5,10,Wed,17,15,0,329
5,10,Wed,17,30,0,342
5,10,Wed,17,45,0,344
5,10,Wed,18,0,0,348
5,10,Wed,18,15,0,366
5,10,Wed,18,30,0,368
5,10,Wed,18,45,0,380
5,10,Wed,19,0,0,387
5,10,Wed,19,15,0,389
5,10,Wed,19,30,0,389
5,10,Wed,19,45,0,385
5,10,Wed,20,0,0,380
5,10,Wed,20,15,0,377
5,10,Wed,20,30,0,375
5,10,Wed,20,45,0,367
5,10,Wed,21,0,0,357
5,10,Wed,21,15,0,335
5,10,Wed,21,30,0,326
5,10,Wed,21,45,0,316
5,10,Wed,22,0,0,301
5,10,Wed,22,15,0,288
5,10,Wed,22,30,0,283
5,10,Wed,22,45,0,272
5,10,Wed,23,0,0,262
5,10,Wed,23,15,0,258
5,10,Wed,23,30,0,258
5,10,Wed,23,45,0,249
6,10,Thu,0,0,0,240
6,10,Thu,0,15,0,223
6,10,Thu,0,30,0,225
6,10,Thu,0,45,0,216
6,10,Thu,1,0,0,210
6,10,Thu,1,15,0,204
6,10,Thu,1,30,0,196
6,10,Thu,1,45,0,173
6,10,Thu,2,0,0,172
6,10,Thu,2,15,0,169
6,10,Thu,2,30,0,159
6,10,Thu,2,45,0,146
6,10,Thu,3,0,0,143
6,10,Thu,3,15,0,143
6,10,Thu,3,30,0,143
6,10,Thu,3,45,0,131
6,10,Thu,4,0,0,124
6,10,Thu,4,15,0,119
6,10,Thu,4,30,0,119
6,10,Thu,4,45,0,125
6,10,Thu,5,0,0,132
6,10,Thu,5,15,0,134
6,10,Thu,5,30,0,141
6,10,Thu,5,45,0,162
6,10,Thu,6,0,0,165
6,10,Thu,6,15,0,184
6,10,Thu,6,30,0,188
6,10,Thu,6,45,0,205
6,10,Thu,7,0,0,212
6,10,Thu,7,15,0,217
6,10,Thu,7,30,0,235
6,10,Thu,7,45,0,256
6,10,Thu,8,0,0,263
6,10,Thu,8,15,0,277
6,10,Thu,8,30,0,288
6,10,Thu,8,45,0,316
6,10,Thu,9,0,0,322
6,10,Thu,9,15,0,319
6,10,Thu,9,30,0,323
6,10,Thu,9,45,0,322
6,10,Thu,10,0,0,325
6,10,Thu,10,15,0,324
6,10,Thu,10,30,0,321
6,10,Thu,10,45,0,326
6,10,Thu,11,0,0,336
6,10,Thu,11,15,0,341
6,10,Thu,11,30,0,344
6,10,Thu,11,45,0,340
6,10,Thu,12,0,0,340
6,10,Thu,12,15,0,349
6,10,Thu,12,30,0,350
6,10,Thu,12,45,0,352
6,10,Thu,13,0,0,355
6,10,Thu,13,15,0,349
6,10,Thu,13,30,0,352
6,10,Thu,13,45,0,351
6,10,Thu,14,0,0,345
6,10,Thu,14,15,0,342
6,10,Thu,14,30,0,341
6,10,Thu,14,45,0,346
6,10,Thu,15,0,0,347
6,10,Thu,15,15,0,330
6,10,Thu,15,30,0,331
6,10,Thu,15,45,0,330
6,10,Thu,16,0,0,333
6,10,Thu,16,15,0,341
6,10,Thu,16,30,0,344
6,10,Thu,16,45,0,341
6,10,Thu,17,0,0,344
6,10,Thu,17,15,0,351
6,10,Thu,17,30,0,350
6,10,Thu,17,45,0,367
6,10,Thu,18,0,0,371
6,10,Thu,18,15,0,373
6,10,Thu,18,30,0,379
6,10,Thu,18,45,0,382
6,10,Thu,19,0,0,381
6,10,Thu,19,15,0,384
6,10,Thu,19,30,0,386
6,10,Thu,19,45,0,390
6,10,Thu,20,0,0,388
6,10,Thu,20,15,0,382
6,10,Thu,20,30,0,384
6,10,Thu,20,45,0,385
6,10,Thu,21,0,0,374
6,10,Thu,21,15,0,355
6,10,Thu,21,30,0,347
6,10,Thu,21,45,0,322
6,10,Thu,22,0,0,320
6,10,Thu,22,15,0,307
6,10,Thu,22,30,0,298
6,10,Thu,22,45,0,288
6,10,Thu,23,0,0,276
6,10,Thu,23,15,0,256
6,10,Thu,23,30,0,254
6,10,Thu,23,45,0,247
7,10,Fri,0,0,1,241
7,10,Fri,0,15,1,235
7,10,Fri,0,30,1,241
7,10,Fri,0,45,1,242
7,10,Fri,1,0,1,226
7,10,Fri,1,15,1,219
7,10,Fri,1,30,1,211
7,10,Fri,1,45,1,203
7,10,Fri,2,0,1,198
7,10,Fri,2,15,1,180
7,10,Fri,2,30,1,183
7,10,Fri,2,45,1,179
7,10,Fri,3,0,1,181
7,10,Fri,3,15,1,173
7,10,Fri,3,30,1,165
7,10,Fri,3,45,1,156
7,10,Fri,4,0,1,145
7,10,Fri,4,15,1,131
7,10,Fri,4,30,1,139
7,10,Fri,4,45,1,140
7,10,Fri,5,0,1,144
7,10,Fri,5,15,1,155
7,10,Fri,5,30,1,158
7,10,Fri,5,45,1,174
7,10,Fri,6,0,1,176
7,10,Fri,6,15,1,184
7,10,Fri,6,30,1,189
7,10,Fri,6,45,1,204
7,10,Fri,7,0,1,205
7,10,Fri,7,15,1,212
7,10,Fri,7,30,1,209
7,10,Fri,7,45,1,210
7,10,Fri,8,0,1,210
7,10,Fri,8,15,1,216
7,10,Fri,8,30,1,216
7,10,Fri,8,45,1,228
7,10,Fri,9,0,1,230
7,10,Fri,9,15,1,233
7,10,Fri,9,30,1,238
7,10,Fri,9,45,1,233
7,10,Fri,10,0,1,241
7,10,Fri,10,15,1,243
7,10,Fri,10,30,1,252
7,10,Fri,10,45,1,243
7,10,Fri,11,0,1,245
7,10,Fri,11,15,1,241
7,10,Fri,11,30,1,248
7,10,Fri,11,45,1,252
7,10,Fri,12,0,1,259
7,10,Fri,12,15,1,266
7,10,Fri,12,30,1,268
7,10,Fri,12,45,1,263
7,10,Fri,13,0,1,261
7,10,Fri,13,15,1,261
7,10,Fri,13,30,1,251
7,10,Fri,13,45,1,247
7,10,Fri,14,0,1,244
7,10,Fri,14,15,1,242
7,10,Fri,14,30,1,246
7,10,Fri,14,45,1,248
7,10,Fri,15,0,1,246
7,10,Fri,15,15,1,254
7,10,Fri,15,30,1,254
7,10,Fri,15,45,1,249
7,10,Fri,16,0,1,270
7,10,Fri,16,15,1,275
7,10,Fri,16,30,1,276
7,10,Fri,16,45,1,274
7,10,Fri,17,0,1,275
7,10,Fri,17,15,1,271
7,10,Fri,17,30,1,277
7,10,Fri,17,45,1,283
7,10,Fri,18,0,1,290
7,10,Fri,18,15,1,305
7,10,Fri,18,30,1,310
7,10,Fri,18,45,1,315
7,10,Fri,19,0,1,315
7,10,Fri,19,15,1,331
7,10,Fri,19,30,1,318
7,10,Fri,19,45,1,317
7,10,Fri,20,0,1,321
7,10,Fri,20,15,1,329
7,10,Fri,20,30,1,331
7,10,Fri,20,45,1,332
7,10,Fri,21,0,1,336
7,10,Fri,21,15,1,319
7,10,Fri,21,30,1,318
7,10,Fri,21,45,1,305
7,10,Fri,22,0,1,300
7,10,Fri,22,15,1,286
7,10,Fri,22,30,1,276
7,10,Fri,22,45,1,264
7,10,Fri,23,0,1,259
7,10,Fri,23,15,1,254
7,10,Fri,23,30,1,255
7,10,Fri,23,45,1,248
8,10,Sat,0,0,1,239
8,10,Sat,0,15,1,238
8,10,Sat,0,30,1,231
8,10,Sat,0,45,1,219
8,10,Sat,1,0,1,224
8,10,Sat,1,15,1,208
8,10,Sat,1,30,1,203
8,10,Sat,1,45,1,190
8,10,Sat,2,0,1,183
8,10,Sat,2,15,1,161
8,10,Sat,2,30,1,159
8,10,Sat,2,45,1,161
8,10,Sat,3,0,1,161
8,10,Sat,3,15,1,151
8,10,Sat,3,30,1,143
8,10,Sat,3,45,1,140
8,10,Sat,4,0,1,139
8,10,Sat,4,15,1,137
8,10,Sat,4,30,1,135
8,10,Sat,4,45,1,134
8,10,Sat,5,0,1,137
8,10,Sat,5,15,1,138
8,10,Sat,5,30,1,141
8,10,Sat,5,45,1,166
8,10,Sat,6,0,1,177
8,10,Sat,6,15,1,185
8,10,Sat,6,30,1,192
8,10,Sat,6,45,1,202
8,10,Sat,7,0,1,200
8,10,Sat,7,15,1,208
8,10,Sat,7,30,1,213
8,10,Sat,7,45,1,223
8,10,Sat,8,0,1,227
8,10,Sat,8,15,1,225
8,10,Sat,8,30,1,232
8,10,Sat,8,45,1,242
8,10,Sat,9,0,1,250
8,10,Sat,9,15,1,245
8,10,Sat,9,30,1,247
8,10,Sat,9,45,1,242
8,10,Sat,10,0,1,245
8,10,Sat,10,15,1,254
8,10,Sat,10,30,1,258
8,10,Sat,10,45,1,265
8,10,Sat,11,0,1,279
8,10,Sat,11,15,1,275
8,10,Sat,11,30,1,283
8,10,Sat,11,45,1,295
8,10,Sat,12,0,1,295
8,10,Sat,12,15,1,284
8,10,Sat,12,30,1,285
8,10,Sat,12,45,1,295
8,10,Sat,13,0,1,298
8,10,Sat,13,15,1,299
8,10,Sat,13,30,1,302
8,10,Sat,13,45,1,298
8,10,Sat,14,0,1,293
8,10,Sat,14,15,1,299
8,10,Sat,14,30,1,298
8,10,Sat,14,45,1,295
8,10,Sat,15,0,1,303
8,10,Sat,15,15,1,291
8,10,Sat,15,30,1,303
8,10,Sat,15,45,1,302
8,10,Sat,16,0,1,300
8,10,Sat,16,15,1,309
8,10,Sat,16,30,1,308
8,10,Sat,16,45,1,310
8,10,Sat,17,0,1,317
8,10,Sat,17,15,1,317
8,10,Sat,17,30,1,323
8,10,Sat,17,45,1,336
8,10,Sat,18,0,1,333
8,10,Sat,18,15,1,337
8,10,Sat,18,30,1,342
8,10,Sat,18,45,1,352
8,10,Sat,19,0,1,349
8,10,Sat,19,15,1,353
8,10,Sat,19,30,1,346
8,10,Sat,19,45,1,358
8,10,Sat,20,0,1,357
8,10,Sat,20,15,1,355
8,10,Sat,20,30,1,350
8,10,Sat,20,45,1,341
8,10,Sat,21,0,1,333
8,10,Sat,21,15,1,336
8,10,Sat,21,30,1,328
8,10,Sat,21,45,1,318
8,10,Sat,22,0,1,299
8,10,Sat,22,15,1,292
8,10,Sat,22,30,1,288
8,10,Sat,22,45,1,280
8,10,Sat,23,0,1,267
8,10,Sat,23,15,1,261
8,10,Sat,23,30,1,257
8,10,Sat,23,45,1,246
9,10,Sun,0,0,0,239
9,10,Sun,0,15,0,229
9,10,Sun,0,30,0,225
9,10,Sun,0,45,0,210
9,10,Sun,1,0,0,210
9,10,Sun,1,15,0,205
9,10,Sun,1,30,0,197
9,10,Sun,1,45,0,187
9,10,Sun,2,0,0,183
9,10,Sun,2,15,0,163
9,10,Sun,2,30,0,156
9,10,Sun,2,45,0,147
9,10,Sun,3,0,0,147
9,10,Sun,3,15,0,143
9,10,Sun,3,30,0,133
9,10,Sun,3,45,0,130
9,10,Sun,4,0,0,125
9,10,Sun,4,15,0,128
9,10,Sun,4,30,0,120
9,10,Sun,4,45,0,133
9,10,Sun,5,0,0,137
9,10,Sun,5,15,0,138
9,10,Sun,5,30,0,146
9,10,Sun,5,45,0,167
9,10,Sun,6,0,0,178
9,10,Sun,6,15,0,187
9,10,Sun,6,30,0,195
9,10,Sun,6,45,0,207
9,10,Sun,7,0,0,212
9,10,Sun,7,15,0,212
9,10,Sun,7,30,0,230
9,10,Sun,7,45,0,251
9,10,Sun,8,0,0,261
9,10,Sun,8,15,0,280
9,10,Sun,8,30,0,298
9,10,Sun,8,45,0,306
9,10,Sun,9,0,0,313
9,10,Sun,9,15,0,308
9,10,Sun,9,30,0,307
9,10,Sun,9,45,0,317
9,10,Sun,10,0,0,322
9,10,Sun,10,15,0,328
9,10,Sun,10,30,0,328
9,10,Sun,10,45,0,344
9,10,Sun,11,0,0,355
9,10,Sun,11,15,0,366
9,10,Sun,11,30,0,357
9,10,Sun,11,45,0,361
9,10,Sun,12,0,0,363
9,10,Sun,12,15,0,357
9,10,Sun,12,30,0,352
9,10,Sun,12,45,0,359
9,10,Sun,13,0,0,357
9,10,Sun,13,15,0,363
9,10,Sun,13,30,0,357
9,10,Sun,13,45,0,344
9,10,Sun,14,0,0,347
9,10,Sun,14,15,0,332
9,10,Sun,14,30,0,330
9,10,Sun,14,45,0,327
9,10,Sun,15,0,0,334
9,10,Sun,15,15,0,321
9,10,Sun,15,30,0,317
9,10,Sun,15,45,0,318
9,10,Sun,16,0,0,314
9,10,Sun,16,15,0,318
9,10,Sun,16,30,0,320
9,10,Sun,16,45,0,319
9,10,Sun,17,0,0,318
9,10,Sun,17,15,0,334
9,10,Sun,17,30,0,345
9,10,Sun,17,45,0,355
9,10,Sun,18,0,0,362
9,10,Sun,18,15,0,359
9,10,Sun,18,30,0,371
9,10,Sun,18,45,0,375
9,10,Sun,19,0,0,382
9,10,Sun,19,15,0,381
9,10,Sun,19,30,0,390
9,10,Sun,19,45,0,392
9,10,Sun,20,0,0,390
9,10,Sun,20,15,0,374
9,10,Sun,20,30,0,372
9,10,Sun,20,45,0,362
9,10,Sun,21,0,0,362
9,10,Sun,21,15,0,349
9,10,Sun,21,30,0,325
9,10,Sun,21,45,0,324
9,10,Sun,22,0,0,313
9,10,Sun,22,15,0,300
9,10,Sun,22,30,0,289
9,10,Sun,22,45,0,271
9,10,Sun,23,0,0,259
9,10,Sun,23,15,0,260
9,10,Sun,23,30,0,260
9,10,Sun,23,45,0,254
10,10,Mon,0,0,0,242
10,10,Mon,0,15,0,227
10,10,Mon,0,30,0,219
10,10,Mon,0,45,0,211
10,10,Mon,1,0,0,210
10,10,Mon,1,15,0,202
10,10,Mon,1,30,0,194
10,10,Mon,1,45,0,188
10,10,Mon,2,0,0,179
10,10,Mon,2,15,0,173
10,10,Mon,2,30,0,162
10,10,Mon,2,45,0,168
10,10,Mon,3,0,0,164
10,10,Mon,3,15,0,134
10,10,Mon,3,30,0,137
10,10,Mon,3,45,0,132
10,10,Mon,4,0,0,125
10,10,Mon,4,15,0,126
10,10,Mon,4,30,0,122
10,10,Mon,4,45,0,125
10,10,Mon,5,0,0,134
10,10,Mon,5,15,0,137
10,10,Mon,5,30,0,150
10,10,Mon,5,45,0,167
10,10,Mon,6,0,0,169
10,10,Mon,6,15,0,190
10,10,Mon,6,30,0,196
10,10,Mon,6,45,0,204
10,10,Mon,7,0,0,210
10,10,Mon,7,15,0,217
10,10,Mon,7,30,0,233
10,10,Mon,7,45,0,263
10,10,Mon,8,0,0,270
10,10,Mon,8,15,0,276
10,10,Mon,8,30,0,296
10,10,Mon,8,45,0,315
10,10,Mon,9,0,0,321
10,10,Mon,9,15,0,314
10,10,Mon,9,30,0,321
10,10,Mon,9,45,0,317
10,10,Mon,10,0,0,327
10,10,Mon,10,15,0,335
10,10,Mon,10,30,0,330
10,10,Mon,10,45,0,337
10,10,Mon,11,0,0,345
10,10,Mon,11,15,0,345
10,10,Mon,11,30,0,345
10,10,Mon,11,45,0,356
10,10,Mon,12,0,0,353
10,10,Mon,12,15,0,369
10,10,Mon,12,30,0,366
10,10,Mon,12,45,0,361
10,10,Mon,13,0,0,361
10,10,Mon,13,15,0,356
10,10,Mon,13,30,0,347
10,10,Mon,13,45,0,349
10,10,Mon,14,0,0,350
10,10,Mon,14,15,0,356
10,10,Mon,14,30,0,355
10,10,Mon,14,45,0,352
10,10,Mon,15,0,0,347
10,10,Mon,15,15,0,334
10,10,Mon,15,30,0,342
10,10,Mon,15,45,0,348
10,10,Mon,16,0,0,336
10,10,Mon,16,15,0,339
10,10,Mon,16,30,0,345
10,10,Mon,16,45,0,337
10,10,Mon,17,0,0,344
10,10,Mon,17,15,0,341
10,10,Mon,17,30,0,351
10,10,Mon,17,45,0,350
10,10,Mon,18,0,0,360
10,10,Mon,18,15,0,374
10,10,Mon,18,30,0,375
10,10,Mon,18,45,0,376
10,10,Mon,19,0,0,377
10,10,Mon,19,15,0,382
10,10,Mon,19,30,0,376
10,10,Mon,19,45,0,388
10,10,Mon,20,0,0,389
10,10,Mon,20,15,0,383
10,10,Mon,20,30,0,370
10,10,Mon,20,45,0,381
10,10,Mon,21,0,0,354
10,10,Mon,21,15,0,349
10,10,Mon,21,30,0,329
10,10,Mon,21,45,0,318
10,10,Mon,22,0,0,303
10,10,Mon,22,15,0,286
10,10,Mon,22,30,0,279
10,10,Mon,22,45,0,269
10,10,Mon,23,0,0,266
10,10,Mon,23,15,0,254
10,10,Mon,23,30,0,249
10,10,Mon,23,45,0,245
11,10,Tue,0,0,0,239
11,10,Tue,0,15,0,347
11,10,Tue,0,30,0,228
11,10,Tue,0,45,0,226
11,10,Tue,1,0,0,219
11,10,Tue,1,15,0,213
11,10,Tue,1,30,0,207
11,10,Tue,1,45,0,183
11,10,Tue,2,0,0,185
11,10,Tue,2,15,0,177
11,10,Tue,2,30,0,170
11,10,Tue,2,45,0,170
11,10,Tue,3,0,0,158
11,10,Tue,3,15,0,144
11,10,Tue,3,30,0,140
11,10,Tue,3,45,0,124
11,10,Tue,4,0,0,126
11,10,Tue,4,15,0,137
11,10,Tue,4,30,0,135
11,10,Tue,4,45,0,137
11,10,Tue,5,0,0,151
11,10,Tue,5,15,0,151
11,10,Tue,5,30,0,149
11,10,Tue,5,45,0,182
11,10,Tue,6,0,0,191
11,10,Tue,6,15,0,198
11,10,Tue,6,30,0,207
11,10,Tue,6,45,0,210
11,10,Tue,7,0,0,216
11,10,Tue,7,15,0,224
11,10,Tue,7,30,0,235
11,10,Tue,7,45,0,256
11,10,Tue,8,0,0,263
11,10,Tue,8,15,0,270
11,10,Tue,8,30,0,278
11,10,Tue,8,45,0,308
11,10,Tue,9,0,0,317
11,10,Tue,9,15,0,312
11,10,Tue,9,30,0,319
11,10,Tue,9,45,0,324
11,10,Tue,10,0,0,322
11,10,Tue,10,15,0,329
11,10,Tue,10,30,0,330
11,10,Tue,10,45,0,335
11,10,Tue,11,0,0,343
11,10,Tue,11,15,0,349
11,10,Tue,11,30,0,349
11,10,Tue,11,45,0,357
11,10,Tue,12,0,0,353
11,10,Tue,12,15,0,347
11,10,Tue,12,30,0,350
11,10,Tue,12,45,0,344
11,10,Tue,13,0,0,340
11,10,Tue,13,15,0,343
11,10,Tue,13,30,0,350
11,10,Tue,13,45,0,339
11,10,Tue,14,0,0,331
11,10,Tue,14,15,0,333
11,10,Tue,14,30,0,353
11,10,Tue,14,45,0,337
11,10,Tue,15,0,0,330
11,10,Tue,15,15,0,329
11,10,Tue,15,30,0,329
11,10,Tue,15,45,0,338
11,10,Tue,16,0,0,329
11,10,Tue,16,15,0,331
11,10,Tue,16,30,0,335
11,10,Tue,16,45,0,326
11,10,Tue,17,0,0,334
11,10,Tue,17,15,0,349
11,10,Tue,17,30,0,357
11,10,Tue,17,45,0,353
11,10,Tue,18,0,0,361
11,10,Tue,18,15,0,365
11,10,Tue,18,30,0,377
11,10,Tue,18,45,0,376
11,10,Tue,19,0,0,382
11,10,Tue,19,15,0,385
11,10,Tue,19,30,0,388
11,10,Tue,19,45,0,387
11,10,Tue,20,0,0,389
11,10,Tue,20,15,0,384
11,10,Tue,20,30,0,372
11,10,Tue,20,45,0,375
11,10,Tue,21,0,0,363
11,10,Tue,21,15,0,339
11,10,Tue,21,30,0,336
11,10,Tue,21,45,0,324
11,10,Tue,22,0,0,313
11,10,Tue,22,15,0,288
11,10,Tue,22,30,0,284
11,10,Tue,22,45,0,274
11,10,Tue,23,0,0,268
11,10,Tue,23,15,0,257
11,10,Tue,23,30,0,255
11,10,Tue,23,45,0,241
12,10,Wed,0,0,0,238
12,10,Wed,0,15,0,220
12,10,Wed,0,30,0,222
12,10,Wed,0,45,0,212
12,10,Wed,1,0,0,204
12,10,Wed,1,15,0,195
12,10,Wed,1,30,0,187
12,10,Wed,1,45,0,176
12,10,Wed,2,0,0,168
12,10,Wed,2,15,0,166
12,10,Wed,2,30,0,173
12,10,Wed,2,45,0,168
12,10,Wed,3,0,0,164
12,10,Wed,3,15,0,145
12,10,Wed,3,30,0,140
12,10,Wed,3,45,0,136
12,10,Wed,4,0,0,132
12,10,Wed,4,15,0,120
12,10,Wed,10,0,0,322
12,10,Wed,10,15,0,318
12,10,Wed,10,30,0,322
12,10,Wed,10,45,0,334
12,10,Wed,11,0,0,346
12,10,Wed,11,15,0,354
12,10,Wed,11,30,0,350
12,10,Wed,11,45,0,343
12,10,Wed,12,0,0,346
12,10,Wed,12,15,0,351
12,10,Wed,12,30,0,345
12,10,Wed,12,45,0,347
12,10,Wed,13,0,0,340
12,10,Wed,13,15,0,339
12,10,Wed,13,30,0,342
12,10,Wed,13,45,0,335
12,10,Wed,14,0,0,329
12,10,Wed,14,15,0,325
12,10,Wed,14,30,0,331
12,10,Wed,14,45,0,332
12,10,Wed,15,0,0,326
12,10,Wed,15,15,0,338
12,10,Wed,15,30,0,333
12,10,Wed,15,45,0,332
12,10,Wed,16,0,0,327
12,10,Wed,16,15,0,335
12,10,Wed,16,30,0,335
12,10,Wed,16,45,0,324
12,10,Wed,17,0,0,331
12,10,Wed,17,15,0,331
12,10,Wed,17,30,0,344
12,10,Wed,17,45,0,346
12,10,Wed,18,0,0,350
12,10,Wed,18,15,0,368
12,10,Wed,18,30,0,370
12,10,Wed,18,45,0,382
12,10,Wed,19,0,0,389
12,10,Wed,19,15,0,391
12,10,Wed,19,30,0,391
12,10,Wed,19,45,0,387
12,10,Wed,20,0,0,382
12,10,Wed,20,15,0,379
12,10,Wed,20,30,0,377
12,10,Wed,20,45,0,367
12,10,Wed,21,0,0,359
12,10,Wed,21,15,0,337
12,10,Wed,21,30,0,328
12,10,Wed,21,45,0,316
12,10,Wed,22,0,0,303
12,10,Wed,22,15,0,290
12,10,Wed,22,30,0,285
12,10,Wed,22,45,0,274
12,10,Wed,23,0,0,264
12,10,Wed,23,15,0,258
12,10,Wed,23,30,0,260
12,10,Wed,23,45,0,249
13,10,Thu,0,0,0,241
13,10,Thu,0,15,0,224
13,10,Thu,0,30,0,227
13,10,Thu,0,45,0,216
13,10,Thu,1,0,0,211
13,10,Thu,1,15,0,204
13,10,Thu,1,30,0,197
13,10,Thu,1,45,0,173
13,10,Thu,2,0,0,172
13,10,Thu,2,15,0,170
13,10,Thu,2,30,0,159
13,10,Thu,2,45,0,147
13,10,Thu,3,0,0,143
13,10,Thu,3,15,0,143
13,10,Thu,3,30,0,144
13,10,Thu,3,45,0,131
13,10,Thu,4,0,0,124
13,10,Thu,4,15,0,119
13,10,Thu,4,30,0,118
13,10,Thu,4,45,0,125
13,10,Thu,5,0,0,132
13,10,Thu,5,15,0,134
13,10,Thu,5,30,0,141
13,10,Thu,5,45,0,162
13,10,Thu,6,0,0,165
13,10,Thu,6,15,0,183
13,10,Thu,6,30,0,188
13,10,Thu,6,45,0,206
13,10,Thu,7,0,0,212
13,10,Thu,7,15,0,217
13,10,Thu,7,30,0,235
13,10,Thu,7,45,0,257
13,10,Thu,8,0,0,263
13,10,Thu,8,15,0,277
13,10,Thu,8,30,0,288
13,10,Thu,8,45,0,316
13,10,Thu,9,0,0,324
13,10,Thu,9,15,0,319
13,10,Thu,9,30,0,325
13,10,Thu,9,45,0,320
13,10,Thu,10,0,0,325
13,10,Thu,10,15,0,324
13,10,Thu,10,30,0,323
13,10,Thu,10,45,0,326
13,10,Thu,11,0,0,338
13,10,Thu,11,15,0,343
13,10,Thu,11,30,0,344
13,10,Thu,11,45,0,340
13,10,Thu,12,0,0,342
13,10,Thu,12,15,0,351
13,10,Thu,12,30,0,350
13,10,Thu,12,45,0,352
13,10,Thu,13,0,0,357
13,10,Thu,13,15,0,349
13,10,Thu,13,30,0,352
13,10,Thu,13,45,0,351
13,10,Thu,14,0,0,345
13,10,Thu,14,15,0,342
13,10,Thu,14,30,0,341
13,10,Thu,14,45,0,348
13,10,Thu,15,0,0,349
13,10,Thu,15,15,0,332
13,10,Thu,15,30,0,331
13,10,Thu,15,45,0,330
13,10,Thu,16,0,0,335
13,10,Thu,16,15,0,339
13,10,Thu,16,30,0,344
13,10,Thu,16,45,0,341
13,10,Thu,17,0,0,344
13,10,Thu,17,15,0,351
13,10,Thu,17,30,0,348
13,10,Thu,17,45,0,367
13,10,Thu,18,0,0,373
13,10,Thu,18,15,0,375
13,10,Thu,18,30,0,379
13,10,Thu,18,45,0,380
13,10,Thu,19,0,0,381
13,10,Thu,19,15,0,384
13,10,Thu,19,30,0,386
13,10,Thu,19,45,0,388
13,10,Thu,20,0,0,388
13,10,Thu,20,15,0,382
13,10,Thu,20,30,0,384
13,10,Thu,20,45,0,385
13,10,Thu,21,0,0,374
13,10,Thu,21,15,0,353
13,10,Thu,21,30,0,347
13,10,Thu,21,45,0,322
13,10,Thu,22,0,0,320
13,10,Thu,22,15,0,305
13,10,Thu,22,30,0,298
13,10,Thu,22,45,0,288
13,10,Thu,23,0,0,276
13,10,Thu,23,15,0,256
13,10,Thu,23,30,0,254
13,10,Thu,23,45,0,245
14,10,Fri,0,0,1,238
14,10,Fri,0,15,1,234
14,10,Fri,0,30,1,241
14,10,Fri,0,45,1,242
14,10,Fri,1,0,1,226
14,10,Fri,1,15,1,219
14,10,Fri,1,30,1,210
14,10,Fri,1,45,1,203
14,10,Fri,2,0,1,198
14,10,Fri,2,15,1,180
14,10,Fri,2,30,1,183
14,10,Fri,2,45,1,179
14,10,Fri,3,0,1,181
14,10,Fri,3,15,1,173
14,10,Fri,3,30,1,164
14,10,Fri,3,45,1,156
14,10,Fri,4,0,1,145
14,10,Fri,4,15,1,130
14,10,Fri,4,30,1,139
14,10,Fri,4,45,1,139
14,10,Fri,5,0,1,143
14,10,Fri,5,15,1,154
14,10,Fri,5,30,1,158
14,10,Fri,5,45,1,173
14,10,Fri,6,0,1,176
14,10,Fri,6,15,1,183
14,10,Fri,6,30,1,188
14,10,Fri,6,45,1,204
14,10,Fri,7,0,1,205
14,10,Fri,7,15,1,212
14,10,Fri,7,30,1,209
14,10,Fri,7,45,1,210
14,10,Fri,8,0,1,209
14,10,Fri,8,15,1,215
14,10,Fri,8,30,1,215
14,10,Fri,8,45,1,227
14,10,Fri,9,0,1,230
14,10,Fri,9,15,1,231
14,10,Fri,9,30,1,236
14,10,Fri,9,45,1,233
14,10,Fri,10,0,1,239
14,10,Fri,10,15,1,243
14,10,Fri,10,30,1,252
14,10,Fri,10,45,1,241
14,10,Fri,11,0,1,241
14,10,Fri,11,15,1,239
14,10,Fri,11,30,1,248
14,10,Fri,11,45,1,252
14,10,Fri,12,0,1,259
14,10,Fri,12,15,1,264
14,10,Fri,12,30,1,266
14,10,Fri,12,45,1,261
14,10,Fri,13,0,1,259
14,10,Fri,13,15,1,259
14,10,Fri,13,30,1,251
14,10,Fri,13,45,1,245
14,10,Fri,14,0,1,244
14,10,Fri,14,15,1,244
14,10,Fri,14,30,1,244
14,10,Fri,14,45,1,250
14,10,Fri,15,0,1,244
14,10,Fri,15,15,1,252
14,10,Fri,15,30,1,256
14,10,Fri,15,45,1,247
14,10,Fri,16,0,1,270
14,10,Fri,16,15,1,275
14,10,Fri,16,30,1,276
14,10,Fri,16,45,1,276
14,10,Fri,17,0,1,275
14,10,Fri,17,15,1,269
14,10,Fri,17,30,1,275
14,10,Fri,17,45,1,281
14,10,Fri,18,0,1,290
14,10,Fri,18,15,1,305
14,10,Fri,18,30,1,310
14,10,Fri,18,45,1,315
14,10,Fri,19,0,1,317
14,10,Fri,19,15,1,331
14,10,Fri,19,30,1,318
14,10,Fri,19,45,1,315
14,10,Fri,20,0,1,321
14,10,Fri,20,15,1,329
14,10,Fri,20,30,1,331
14,10,Fri,20,45,1,334
14,10,Fri,21,0,1,336
14,10,Fri,21,15,1,319
14,10,Fri,21,30,1,320
14,10,Fri,21,45,1,307
14,10,Fri,22,0,1,300
14,10,Fri,22,15,1,286
14,10,Fri,22,30,1,276
14,10,Fri,22,45,1,266
14,10,Fri,23,0,1,257
14,10,Fri,23,15,1,254
14,10,Fri,23,30,1,253
14,10,Fri,23,45,1,248
15,10,Sat,0,0,1,239
15,10,Sat,0,15,1,238
15,10,Sat,0,30,1,231
15,10,Sat,0,45,1,221
15,10,Sat,1,0,1,223
15,10,Sat,1,15,1,208
15,10,Sat,1,30,1,203
15,10,Sat,1,45,1,190
15,10,Sat,2,0,1,183
15,10,Sat,2,15,1,161
15,10,Sat,2,30,1,160
15,10,Sat,2,45,1,162
15,10,Sat,3,0,1,162
15,10,Sat,3,15,1,151
15,10,Sat,3,30,1,143
15,10,Sat,3,45,1,141
15,10,Sat,4,0,1,140
15,10,Sat,4,15,1,137
15,10,Sat,4,30,1,135
15,10,Sat,4,45,1,134
15,10,Sat,5,0,1,137
15,10,Sat,5,15,1,138
15,10,Sat,5,30,1,142
15,10,Sat,5,45,1,167
15,10,Sat,6,0,1,177
15,10,Sat,6,15,1,185
15,10,Sat,6,30,1,192
15,10,Sat,6,45,1,203
15,10,Sat,7,0,1,201
15,10,Sat,7,15,1,209
15,10,Sat,7,30,1,214
15,10,Sat,7,45,1,224
15,10,Sat,8,0,1,227
15,10,Sat,8,15,1,225
15,10,Sat,8,30,1,232
15,10,Sat,8,45,1,242
15,10,Sat,9,0,1,250
15,10,Sat,9,15,1,245
15,10,Sat,9,30,1,249
15,10,Sat,9,45,1,244
15,10,Sat,10,0,1,245
15,10,Sat,10,15,1,256
15,10,Sat,10,30,1,258
15,10,Sat,10,45,1,265
15,10,Sat,11,0,1,281
15,10,Sat,11,15,1,277
15,10,Sat,11,30,1,283
15,10,Sat,11,45,1,295
15,10,Sat,12,0,1,297
15,10,Sat,12,15,1,284
15,10,Sat,12,30,1,285
15,10,Sat,12,45,1,297
15,10,Sat,13,0,1,298
15,10,Sat,13,15,1,299
15,10,Sat,13,30,1,304
15,10,Sat,13,45,1,300
15,10,Sat,14,0,1,293
15,10,Sat,14,15,1,299
15,10,Sat,14,30,1,298
15,10,Sat,14,45,1,295
15,10,Sat,15,0,1,303
15,10,Sat,15,15,1,293
15,10,Sat,15,30,1,303
15,10,Sat,15,45,1,302
15,10,Sat,16,0,1,302
15,10,Sat,16,15,1,309
15,10,Sat,16,30,1,308
15,10,Sat,16,45,1,310
15,10,Sat,17,0,1,317
15,10,Sat,17,15,1,317
15,10,Sat,17,30,1,323
15,10,Sat,17,45,1,338
15,10,Sat,18,0,1,333
15,10,Sat,18,15,1,339
15,10,Sat,18,30,1,342
15,10,Sat,18,45,1,352
15,10,Sat,19,0,1,349
15,10,Sat,19,15,1,355
15,10,Sat,19,30,1,348
15,10,Sat,19,45,1,358
15,10,Sat,20,0,1,357
15,10,Sat,20,15,1,357
15,10,Sat,20,30,1,350
15,10,Sat,20,45,1,341
15,10,Sat,21,0,1,333
15,10,Sat,21,15,1,336
15,10,Sat,21,30,1,328
15,10,Sat,21,45,1,320
15,10,Sat,22,0,1,301
15,10,Sat,22,15,1,292
15,10,Sat,22,30,1,290
15,10,Sat,22,45,1,280
15,10,Sat,23,0,1,267
15,10,Sat,23,15,1,263
15,10,Sat,23,30,1,257
15,10,Sat,23,45,1,246
16,10,Sun,0,0,0,242
16,10,Sun,0,15,0,357
16,10,Sun,0,30,0,225
16,10,Sun,0,45,0,210
16,10,Sun,1,0,0,212
16,10,Sun,1,15,0,205
16,10,Sun,1,30,0,197
16,10,Sun,1,45,0,189
16,10,Sun,2,0,0,183
16,10,Sun,2,15,0,163
16,10,Sun,2,30,0,156
16,10,Sun,2,45,0,147
16,10,Sun,3,0,0,148
16,10,Sun,3,15,0,143
16,10,Sun,3,30,0,133
16,10,Sun,3,45,0,131
16,10,Sun,4,0,0,125
16,10,Sun,4,15,0,128
16,10,Sun,4,30,0,120
16,10,Sun,4,45,0,133
16,10,Sun,5,0,0,137
16,10,Sun,5,15,0,138
16,10,Sun,5,30,0,146
16,10,Sun,5,45,0,168
16,10,Sun,6,0,0,179
16,10,Sun,6,15,0,187
16,10,Sun,6,30,0,196
16,10,Sun,6,45,0,207
16,10,Sun,7,0,0,213
16,10,Sun,7,15,0,212
16,10,Sun,7,30,0,230
16,10,Sun,7,45,0,251
16,10,Sun,8,0,0,261
16,10,Sun,8,15,0,280
16,10,Sun,8,30,0,298
16,10,Sun,8,45,0,306
16,10,Sun,9,0,0,313
16,10,Sun,9,15,0,306
16,10,Sun,9,30,0,307
16,10,Sun,9,45,0,317
16,10,Sun,10,0,0,322
16,10,Sun,10,15,0,328
16,10,Sun,10,30,0,328
16,10,Sun,10,45,0,342
16,10,Sun,11,0,0,355
16,10,Sun,11,15,0,366
16,10,Sun,11,30,0,355
16,10,Sun,11,45,0,361
16,10,Sun,12,0,0,363
16,10,Sun,12,15,0,357
16,10,Sun,12,30,0,352
16,10,Sun,12,45,0,359
16,10,Sun,13,0,0,359
16,10,Sun,13,15,0,363
16,10,Sun,13,30,0,357
16,10,Sun,13,45,0,346
16,10,Sun,14,0,0,347
16,10,Sun,14,15,0,332
16,10,Sun,14,30,0,328
16,10,Sun,14,45,0,325
16,10,Sun,15,0,0,334
16,10,Sun,15,15,0,321
16,10,Sun,15,30,0,317
16,10,Sun,15,45,0,316
16,10,Sun,16,0,0,314
16,10,Sun,16,15,0,318
16,10,Sun,16,30,0,318
16,10,Sun,16,45,0,317
16,10,Sun,17,0,0,316
16,10,Sun,17,15,0,334
16,10,Sun,17,30,0,345
16,10,Sun,17,45,0,355
16,10,Sun,18,0,0,362
16,10,Sun,18,15,0,359
16,10,Sun,18,30,0,369
16,10,Sun,18,45,0,375
16,10,Sun,19,0,0,380
16,10,Sun,19,15,0,381
16,10,Sun,19,30,0,388
16,10,Sun,19,45,0,392
16,10,Sun,20,0,0,390
16,10,Sun,20,15,0,374
16,10,Sun,20,30,0,370
16,10,Sun,20,45,0,362
16,10,Sun,21,0,0,362
16,10,Sun,21,15,0,347
16,10,Sun,21,30,0,327
16,10,Sun,21,45,0,324
16,10,Sun,22,0,0,311
16,10,Sun,22,15,0,298
16,10,Sun,22,30,0,289
16,10,Sun,22,45,0,269
16,10,Sun,23,0,0,259
16,10,Sun,23,15,0,258
16,10,Sun,23,30,0,260
16,10,Sun,23,45,0,254
17,10,Mon,0,0,0,238
17,10,Mon,0,15,0,227
17,10,Mon,0,30,0,219
17,10,Mon,0,45,0,209
17,10,Mon,1,0,0,210
17,10,Mon,1,15,0,202
17,10,Mon,1,30,0,192
17,10,Mon,1,45,0,188
17,10,Mon,2,0,0,177
17,10,Mon,2,15,0,172
17,10,Mon,2,30,0,161
17,10,Mon,2,45,0,167
17,10,Mon,3,0,0,163
17,10,Mon,3,15,0,134
17,10,Mon,3,30,0,137
17,10,Mon,3,45,0,132
17,10,Mon,4,0,0,124
17,10,Mon,4,15,0,126
17,10,Mon,4,30,0,122
17,10,Mon,4,45,0,125
17,10,Mon,5,0,0,134
17,10,Mon,5,15,0,137
17,10,Mon,5,30,0,150
17,10,Mon,5,45,0,166
17,10,Mon,6,0,0,169
17,10,Mon,6,15,0,190
17,10,Mon,6,30,0,196
17,10,Mon,6,45,0,204
17,10,Mon,7,0,0,210
17,10,Mon,7,15,0,216
17,10,Mon,7,30,0,232
17,10,Mon,7,45,0,263
17,10,Mon,8,0,0,268
17,10,Mon,8,15,0,276
17,10,Mon,8,30,0,296
17,10,Mon,8,45,0,313
17,10,Mon,9,0,0,321
17,10,Mon,9,15,0,314
17,10,Mon,9,30,0,321
17,10,Mon,9,45,0,317
17,10,Mon,10,0,0,327
17,10,Mon,10,15,0,333
17,10,Mon,10,30,0,330
17,10,Mon,10,45,0,335
17,10,Mon,11,0,0,345
17,10,Mon,11,15,0,356
17,10,Mon,11,30,0,351
17,10,Mon,11,45,0,354
17,10,Mon,12,0,0,353
17,10,Mon,12,15,0,369
17,10,Mon,12,30,0,366
17,10,Mon,12,45,0,361
17,10,Mon,13,0,0,359
17,10,Mon,13,15,0,356
17,10,Mon,13,30,0,347
17,10,Mon,13,45,0,347
17,10,Mon,14,0,0,350
17,10,Mon,14,15,0,356
17,10,Mon,14,30,0,353
17,10,Mon,14,45,0,350
17,10,Mon,15,0,0,347
17,10,Mon,15,15,0,334
17,10,Mon,15,30,0,342
17,10,Mon,15,45,0,348
17,10,Mon,16,0,0,336
17,10,Mon,16,15,0,339
17,10,Mon,16,30,0,345
17,10,Mon,16,45,0,337
17,10,Mon,17,0,0,342
17,10,Mon,17,15,0,339
17,10,Mon,17,30,0,351
17,10,Mon,17,45,0,350
17,10,Mon,18,0,0,360
17,10,Mon,18,15,0,374
17,10,Mon,18,30,0,375
17,10,Mon,18,45,0,376
17,10,Mon,19,0,0,377
17,10,Mon,19,15,0,382
17,10,Mon,19,30,0,374
17,10,Mon,19,45,0,388
17,10,Mon,20,0,0,389
17,10,Mon,20,15,0,383
17,10,Mon,20,30,0,370
17,10,Mon,20,45,0,381
17,10,Mon,21,0,0,354
17,10,Mon,21,15,0,347
17,10,Mon,21,30,0,329
17,10,Mon,21,45,0,318
17,10,Mon,22,0,0,303
17,10,Mon,22,15,0,286
17,10,Mon,22,30,0,279
17,10,Mon,22,45,0,269
17,10,Mon,23,0,0,264
17,10,Mon,23,15,0,254
17,10,Mon,23,30,0,249
17,10,Mon,23,45,0,245
18,10,Tue,0,0,0,238
18,10,Tue,0,15,0,229
18,10,Tue,0,30,0,228
18,10,Tue,0,45,0,226
18,10,Tue,1,0,0,219
18,10,Tue,1,15,0,213
18,10,Tue,1,30,0,207
18,10,Tue,1,45,0,183
18,10,Tue,2,0,0,185
18,10,Tue,2,15,0,176
18,10,Tue,2,30,0,170
18,10,Tue,2,45,0,169
18,10,Tue,3,0,0,158
18,10,Tue,3,15,0,144
18,10,Tue,3,30,0,140
18,10,Tue,3,45,0,123
18,10,Tue,4,0,0,126
18,10,Tue,4,15,0,137
18,10,Tue,4,30,0,135
18,10,Tue,4,45,0,136
18,10,Tue,5,0,0,151
18,10,Tue,5,15,0,151
18,10,Tue,5,30,0,149
18,10,Tue,5,45,0,182
18,10,Tue,6,0,0,191
18,10,Tue,6,15,0,197
18,10,Tue,6,30,0,207
18,10,Tue,6,45,0,210
18,10,Tue,7,0,0,216
18,10,Tue,7,15,0,224
18,10,Tue,7,30,0,235
18,10,Tue,7,45,0,256
18,10,Tue,8,0,0,262
18,10,Tue,8,15,0,270
18,10,Tue,8,30,0,276
18,10,Tue,8,45,0,308
18,10,Tue,9,0,0,315
18,10,Tue,9,15,0,312
18,10,Tue,9,30,0,319
18,10,Tue,9,45,0,324
18,10,Tue,10,0,0,322
18,10,Tue,10,15,0,327
18,10,Tue,10,30,0,330
18,10,Tue,10,45,0,333
18,10,Tue,11,0,0,341
18,10,Tue,11,15,0,349
18,10,Tue,11,30,0,349
18,10,Tue,11,45,0,355
18,10,Tue,12,0,0,353
18,10,Tue,12,15,0,347
18,10,Tue,12,30,0,350
18,10,Tue,12,45,0,344
18,10,Tue,13,0,0,340
18,10,Tue,13,15,0,341
18,10,Tue,13,30,0,350
18,10,Tue,13,45,0,339
18,10,Tue,14,0,0,331
18,10,Tue,14,15,0,331
18,10,Tue,14,30,0,353
18,10,Tue,14,45,0,337
18,10,Tue,15,0,0,330
18,10,Tue,15,15,0,327
18,10,Tue,15,30,0,329
18,10,Tue,15,45,0,338
18,10,Tue,16,0,0,329
18,10,Tue,16,15,0,331
18,10,Tue,16,30,0,335
18,10,Tue,16,45,0,326
18,10,Tue,17,0,0,332
18,10,Tue,17,15,0,349
18,10,Tue,17,30,0,357
18,10,Tue,17,45,0,353
18,10,Tue,18,0,0,361
18,10,Tue,18,15,0,365
18,10,Tue,18,30,0,377
18,10,Tue,18,45,0,374
18,10,Tue,19,0,0,382
18,10,Tue,19,15,0,385
18,10,Tue,19,30,0,388
18,10,Tue,19,45,0,387
18,10,Tue,20,0,0,389
18,10,Tue,20,15,0,382
18,10,Tue,20,30,0,372
18,10,Tue,20,45,0,375
18,10,Tue,21,0,0,363
18,10,Tue,21,15,0,339
18,10,Tue,21,30,0,336
18,10,Tue,21,45,0,324
18,10,Tue,22,0,0,313
18,10,Tue,22,15,0,288
18,10,Tue,22,30,0,284
18,10,Tue,22,45,0,274
18,10,Tue,23,0,0,268
18,10,Tue,23,15,0,257
18,10,Tue,23,30,0,255
18,10,Tue,23,45,0,241
19,10,Wed,0,0,0,241
19,10,Wed,0,15,0,220
19,10,Wed,0,30,0,222
19,10,Wed,0,45,0,211
19,10,Wed,1,0,0,204
19,10,Wed,1,15,0,195
19,10,Wed,1,30,0,187
19,10,Wed,1,45,0,176
19,10,Wed,2,0,0,168
19,10,Wed,2,15,0,166
19,10,Wed,2,30,0,173
19,10,Wed,2,45,0,168
19,10,Wed,3,0,0,164
19,10,Wed,3,15,0,145
19,10,Wed,3,30,0,140
19,10,Wed,3,45,0,135
19,10,Wed,4,0,0,132
19,10,Wed,4,15,0,132
19,10,Wed,10,0,0,160
19,10,Wed,10,15,0,160
19,10,Wed,10,30,0,160
19,10,Wed,10,45,0,160
19,10,Wed,11,0,0,160
19,10,Wed,11,15,0,160
19,10,Wed,11,30,0,160
19,10,Wed,11,45,0,160
19,10,Wed,12,0,0,160
19,10,Wed,12,15,0,160
19,10,Wed,12,30,0,160
19,10,Wed,12,45,0,160
19,10,Wed,13,0,0,160
19,10,Wed,13,15,0,160
19,10,Wed,13,30,0,160
19,10,Wed,13,45,0,160
19,10,Wed,14,0,0,160
19,10,Wed,14,15,0,160
19,10,Wed,14,30,0,160
19,10,Wed,14,45,0,160
19,10,Wed,15,0,0,160
19,10,Wed,15,15,0,160
19,10,Wed,15,30,0,160
19,10,Wed,15,45,0,160
19,10,Wed,16,0,0,160
19,10,Wed,16,15,0,160
19,10,Wed,16,30,0,160
19,10,Wed,16,45,0,160
19,10,Wed,17,0,0,160
19,10,Wed,17,15,0,160
19,10,Wed,17,30,0,160
19,10,Wed,17,45,0,160
19,10,Wed,18,0,0,160
19,10,Wed,18,15,0,160
19,10,Wed,18,30,0,160
19,10,Wed,18,45,0,160
19,10,Wed,19,0,0,160
19,10,Wed,19,15,0,160
19,10,Wed,19,30,0,160
19,10,Wed,19,45,0,160
19,10,Wed,20,0,0,160
19,10,Wed,20,15,0,160
19,10,Wed,20,30,0,160
19,10,Wed,20,45,0,160
19,10,Wed,21,0,0,160
19,10,Wed,21,15,0,160
19,10,Wed,21,30,0,160
19,10,Wed,21,45,0,160
19,10,Wed,22,0,0,160
19,10,Wed,22,15,0,160
19,10,Wed,22,30,0,160
19,10,Wed,22,45,0,160
19,10,Wed,23,0,0,160
19,10,Wed,23,15,0,160
19,10,Wed,23,30,0,160
19,10,Wed,23,45,0,160
20,10,Thu,0,0,0,160
20,10,Thu,0,15,0,160
20,10,Thu,0,30,0,160
20,10,Thu,0,45,0,160
20,10,Thu,1,0,0,160
20,10,Thu,1,15,0,160
20,10,Thu,1,30,0,160
20,10,Thu,1,45,0,160
20,10,Thu,2,0,0,160
20,10,Thu,2,15,0,160
20,10,Thu,2,30,0,160
20,10,Thu,2,45,0,160
20,10,Thu,3,0,0,160
20,10,Thu,3,15,0,160
20,10,Thu,3,30,0,160
20,10,Thu,3,45,0,160
20,10,Thu,4,0,0,160
20,10,Thu,4,15,0,160
20,10,Thu,4,30,0,160
20,10,Thu,4,45,0,160
20,10,Thu,5,0,0,160
20,10,Thu,5,15,0,160
20,10,Thu,5,30,0,160
20,10,Thu,5,45,0,160
20,10,Thu,6,0,0,160
20,10,Thu,6,15,0,160
20,10,Thu,6,30,0,160
20,10,Thu,6,45,0,160
20,10,Thu,7,0,0,160
20,10,Thu,7,15,0,160
20,10,Thu,7,30,0,160
20,10,Thu,7,45,0,160
20,10,Thu,8,0,0,160
20,10,Thu,8,15,0,160
20,10,Thu,8,30,0,160
20,10,Thu,8,45,0,160
20,10,Thu,9,0,0,160
20,10,Thu,9,15,0,160
20,10,Thu,9,30,0,160
20,10,Thu,9,45,0,160
20,10,Thu,10,0,0,160
20,10,Thu,10,15,0,160
20,10,Thu,10,30,0,160
20,10,Thu,10,45,0,160
20,10,Thu,11,0,0,160
20,10,Thu,11,15,0,160
20,10,Thu,11,30,0,160
20,10,Thu,11,45,0,160
20,10,Thu,12,0,0,160
20,10,Thu,12,15,0,160
20,10,Thu,12,30,0,160
20,10,Thu,12,45,0,160
20,10,Thu,13,0,0,160
20,10,Thu,13,15,0,160
20,10,Thu,13,30,0,160
20,10,Thu,13,45,0,160
20,10,Thu,14,0,0,160
20,10,Thu,14,15,0,160
20,10,Thu,14,30,0,160
20,10,Thu,14,45,0,160
20,10,Thu,15,0,0,160
20,10,Thu,15,15,0,160
20,10,Thu,15,30,0,160
20,10,Thu,15,45,0,160
20,10,Thu,16,0,0,160
20,10,Thu,16,15,0,160
20,10,Thu,16,30,0,160
20,10,Thu,16,45,0,160
20,10,Thu,17,0,0,160
20,10,Thu,17,15,0,160
20,10,Thu,17,30,0,160
20,10,Thu,17,45,0,160
20,10,Thu,18,0,0,160
20,10,Thu,18,15,0,160
20,10,Thu,18,30,0,160
20,10,Thu,18,45,0,160
20,10,Thu,19,0,0,160
20,10,Thu,19,15,0,160
20,10,Thu,19,30,0,160
20,10,Thu,19,45,0,160
20,10,Thu,20,0,0,160
20,10,Thu,20,15,0,160
20,10,Thu,20,30,0,160
20,10,Thu,20,45,0,160
20,10,Thu,21,0,0,160
20,10,Thu,21,15,0,160
20,10,Thu,21,30,0,160
20,10,Thu,21,45,0,160
20,10,Thu,22,0,0,160
20,10,Thu,22,15,0,160
20,10,Thu,22,30,0,160
20,10,Thu,22,45,0,160
20,10,Thu,23,0,0,160
20,10,Thu,23,15,0,160
20,10,Thu,23,30,0,160
20,10,Thu,23,45,0,160
21,10,Fri,0,0,1,160
21,10,Fri,0,15,1,160
21,10,Fri,0,30,1,160
21,10,Fri,0,45,1,160
21,10,Fri,1,0,1,160
21,10,Fri,1,15,1,160
21,10,Fri,1,30,1,160
21,10,Fri,1,45,1,160
21,10,Fri,2,0,1,160
21,10,Fri,2,15,1,160
21,10,Fri,2,30,1,160
21,10,Fri,2,45,1,160
21,10,Fri,3,0,1,160
21,10,Fri,3,15,1,160
21,10,Fri,3,30,1,160
21,10,Fri,3,45,1,160
21,10,Fri,4,0,1,160
21,10,Fri,4,15,1,160
21,10,Fri,4,30,1,160
21,10,Fri,4,45,1,160
21,10,Fri,5,0,1,160
21,10,Fri,5,15,1,160
21,10,Fri,5,30,1,160
21,10,Fri,5,45,1,160
21,10,Fri,6,0,1,160
21,10,Fri,6,15,1,160
21,10,Fri,6,30,1,160
21,10,Fri,6,45,1,160
21,10,Fri,7,0,1,160
21,10,Fri,7,15,1,160
21,10,Fri,7,30,1,160
21,10,Fri,7,45,1,160
21,10,Fri,8,0,1,160
21,10,Fri,8,15,1,160
21,10,Fri,8,30,1,160
21,10,Fri,8,45,1,160
21,10,Fri,9,0,1,160
21,10,Fri,9,15,1,160
21,10,Fri,9,30,1,160
21,10,Fri,9,45,1,160
21,10,Fri,10,0,1,160
21,10,Fri,10,15,1,160
21,10,Fri,10,30,1,160
21,10,Fri,10,45,1,160
21,10,Fri,11,0,1,160
21,10,Fri,11,15,1,160
21,10,Fri,11,30,1,160
21,10,Fri,11,45,1,160
21,10,Fri,12,0,1,160
21,10,Fri,12,15,1,160
21,10,Fri,12,30,1,160
21,10,Fri,12,45,1,160
21,10,Fri,13,0,1,160
21,10,Fri,13,15,1,160
21,10,Fri,13,30,1,160
21,10,Fri,13,45,1,160
21,10,Fri,14,0,1,160
21,10,Fri,14,15,1,160
21,10,Fri,14,30,1,160
21,10,Fri,14,45,1,160
21,10,Fri,15,0,1,160
21,10,Fri,15,15,1,160
21,10,Fri,15,30,1,160
21,10,Fri,15,45,1,160
21,10,Fri,16,0,1,160
21,10,Fri,16,15,1,160
21,10,Fri,16,30,1,160
21,10,Fri,16,45,1,160
21,10,Fri,17,0,1,160
21,10,Fri,17,15,1,160
21,10,Fri,17,30,1,160
21,10,Fri,17,45,1,160
21,10,Fri,18,0,1,160
21,10,Fri,18,15,1,160
21,10,Fri,18,30,1,160
21,10,Fri,18,45,1,160
21,10,Fri,19,0,1,160
21,10,Fri,19,15,1,160
21,10,Fri,19,30,1,160
21,10,Fri,19,45,1,160
21,10,Fri,20,0,1,160
21,10,Fri,20,15,1,160
21,10,Fri,20,30,1,160
21,10,Fri,20,45,1,160
21,10,Fri,21,0,1,160
21,10,Fri,21,15,1,160
21,10,Fri,21,30,1,160
21,10,Fri,21,45,1,160
21,10,Fri,22,0,1,160
21,10,Fri,22,15,1,160
21,10,Fri,22,30,1,160
21,10,Fri,22,45,1,160
21,10,Fri,23,0,1,160
21,10,Fri,23,15,1,160
21,10,Fri,23,30,1,160
21,10,Fri,23,45,1,160
22,10,Sat,0,0,1,160
22,10,Sat,0,15,1,160
22,10,Sat,0,30,1,160
22,10,Sat,0,45,1,160
22,10,Sat,1,0,1,160
22,10,Sat,1,15,1,160
22,10,Sat,1,30,1,160
22,10,Sat,1,45,1,160
22,10,Sat,2,0,1,160
22,10,Sat,2,15,1,160
22,10,Sat,2,30,1,160
22,10,Sat,2,45,1,160
22,10,Sat,3,0,1,160
22,10,Sat,3,15,1,160
22,10,Sat,3,30,1,160
22,10,Sat,3,45,1,160
22,10,Sat,4,0,1,160
22,10,Sat,4,15,1,160
22,10,Sat,4,30,1,160
22,10,Sat,4,45,1,160
22,10,Sat,5,0,1,160
22,10,Sat,5,15,1,160
22,10,Sat,5,30,1,160
22,10,Sat,5,45,1,160
22,10,Sat,6,0,1,160
22,10,Sat,6,15,1,160
22,10,Sat,6,30,1,160
22,10,Sat,6,45,1,160
22,10,Sat,7,0,1,160
22,10,Sat,7,15,1,160
22,10,Sat,7,30,1,160
22,10,Sat,7,45,1,160
22,10,Sat,8,0,1,160
22,10,Sat,8,15,1,160
22,10,Sat,8,30,1,160
22,10,Sat,8,45,1,160
22,10,Sat,9,0,1,160
22,10,Sat,9,15,1,160
22,10,Sat,9,30,1,160
22,10,Sat,9,45,1,160
22,10,Sat,10,0,1,160
22,10,Sat,10,15,1,160
22,10,Sat,10,30,1,160
22,10,Sat,10,45,1,160
22,10,Sat,11,0,1,160
22,10,Sat,11,15,1,160
22,10,Sat,11,30,1,160
22,10,Sat,11,45,1,160
22,10,Sat,12,0,1,160
22,10,Sat,12,15,1,160
22,10,Sat,12,30,1,160
22,10,Sat,12,45,1,160
22,10,Sat,13,0,1,160
22,10,Sat,13,15,1,160
22,10,Sat,13,30,1,160
22,10,Sat,13,45,1,160
22,10,Sat,14,0,1,160
22,10,Sat,14,15,1,160
22,10,Sat,14,30,1,160
22,10,Sat,14,45,1,160
22,10,Sat,15,0,1,160
22,10,Sat,15,15,1,160
22,10,Sat,15,30,1,160
22,10,Sat,15,45,1,160
22,10,Sat,16,0,1,160
22,10,Sat,16,15,1,160
22,10,Sat,16,30,1,160
22,10,Sat,16,45,1,160
22,10,Sat,17,0,1,160
22,10,Sat,17,15,1,160
22,10,Sat,17,30,1,160
22,10,Sat,17,45,1,160
22,10,Sat,18,0,1,160
22,10,Sat,18,15,1,160
22,10,Sat,18,30,1,160
22,10,Sat,18,45,1,160
22,10,Sat,19,0,1,160
22,10,Sat,19,15,1,160
22,10,Sat,19,30,1,160
22,10,Sat,19,45,1,160
22,10,Sat,20,0,1,160
22,10,Sat,20,15,1,160
22,10,Sat,20,30,1,160
22,10,Sat,20,45,1,160
22,10,Sat,21,0,1,160
22,10,Sat,21,15,1,160
22,10,Sat,21,30,1,160
22,10,Sat,21,45,1,160
22,10,Sat,22,0,1,160
22,10,Sat,22,15,1,160
22,10,Sat,22,30,1,160
22,10,Sat,22,45,1,160
22,10,Sat,23,0,1,160
22,10,Sat,23,15,1,160
22,10,Sat,23,30,1,160
22,10,Sat,23,45,1,160
23,10,Sun,0,0,0,160
23,10,Sun,0,15,0,160
23,10,Sun,0,30,0,160
23,10,Sun,0,45,0,160
23,10,Sun,1,0,0,160
23,10,Sun,1,15,0,160
23,10,Sun,1,30,0,160
23,10,Sun,1,45,0,160
23,10,Sun,2,0,0,160
23,10,Sun,2,15,0,160
23,10,Sun,2,30,0,160
23,10,Sun,2,45,0,160
23,10,Sun,3,0,0,160
23,10,Sun,3,15,0,160
23,10,Sun,3,30,0,160
23,10,Sun,3,45,0,160
23,10,Sun,4,0,0,160
23,10,Sun,4,15,0,160
23,10,Sun,4,30,0,160
23,10,Sun,4,45,0,160
23,10,Sun,5,0,0,160
23,10,Sun,5,15,0,160
23,10,Sun,5,30,0,160
23,10,Sun,5,45,0,160
23,10,Sun,6,0,0,160
23,10,Sun,6,15,0,160
23,10,Sun,6,30,0,160
23,10,Sun,6,45,0,160
23,10,Sun,7,0,0,160
23,10,Sun,7,15,0,160
23,10,Sun,7,30,0,160
23,10,Sun,7,45,0,160
23,10,Sun,8,0,0,160
23,10,Sun,8,15,0,160
23,10,Sun,8,30,0,160
23,10,Sun,8,45,0,160
23,10,Sun,9,0,0,160
23,10,Sun,9,15,0,160
23,10,Sun,9,30,0,160
23,10,Sun,9,45,0,160
23,10,Sun,10,0,0,160
23,10,Sun,10,15,0,160
23,10,Sun,10,30,0,160
23,10,Sun,10,45,0,160
23,10,Sun,11,0,0,160
23,10,Sun,11,15,0,160
23,10,Sun,11,30,0,160
23,10,Sun,11,45,0,160
23,10,Sun,12,0,0,160
23,10,Sun,12,15,0,160
23,10,Sun,12,30,0,160
23,10,Sun,12,45,0,160
23,10,Sun,13,0,0,160
23,10,Sun,13,15,0,160
23,10,Sun,13,30,0,160
23,10,Sun,13,45,0,160
23,10,Sun,14,0,0,160
23,10,Sun,14,15,0,160
23,10,Sun,14,30,0,160
23,10,Sun,14,45,0,160
23,10,Sun,15,0,0,160
23,10,Sun,15,15,0,160
23,10,Sun,15,30,0,160
23,10,Sun,15,45,0,160
23,10,Sun,16,0,0,160
23,10,Sun,16,15,0,160
23,10,Sun,16,30,0,160
23,10,Sun,16,45,0,160
23,10,Sun,17,0,0,160
23,10,Sun,17,15,0,160
23,10,Sun,17,30,0,160
23,10,Sun,17,45,0,160
23,10,Sun,18,0,0,160
23,10,Sun,18,15,0,160
23,10,Sun,18,30,0,160
23,10,Sun,18,45,0,160
23,10,Sun,19,0,0,160
23,10,Sun,19,15,0,160
23,10,Sun,19,30,0,160
23,10,Sun,19,45,0,160
23,10,Sun,20,0,0,160
23,10,Sun,20,15,0,160
23,10,Sun,20,30,0,160
23,10,Sun,20,45,0,160
23,10,Sun,21,0,0,160
23,10,Sun,21,15,0,160
23,10,Sun,21,30,0,160
23,10,Sun,21,45,0,160
23,10,Sun,22,0,0,160
23,10,Sun,22,15,0,160
23,10,Sun,22,30,0,160
23,10,Sun,22,45,0,160
23,10,Sun,23,0,0,160
23,10,Sun,23,15,0,160
23,10,Sun,23,30,0,160
23,10,Sun,23,45,0,160
24,10,Mon,0,0,0,160
24,10,Mon,0,15,0,160
24,10,Mon,0,30,0,160
24,10,Mon,0,45,0,160
24,10,Mon,1,0,0,160
24,10,Mon,1,15,0,160
24,10,Mon,1,30,0,160
24,10,Mon,1,45,0,160
24,10,Mon,2,0,0,160
24,10,Mon,2,15,0,160
24,10,Mon,2,30,0,160
24,10,Mon,2,45,0,160
24,10,Mon,3,0,0,160
24,10,Mon,3,15,0,160
24,10,Mon,3,30,0,160
24,10,Mon,3,45,0,160
24,10,Mon,4,0,0,160
24,10,Mon,4,15,0,160
24,10,Mon,4,30,0,160
24,10,Mon,4,45,0,160
24,10,Mon,5,0,0,160
24,10,Mon,5,15,0,160
24,10,Mon,5,30,0,160
24,10,Mon,5,45,0,160
24,10,Mon,6,0,0,160
24,10,Mon,6,15,0,160
24,10,Mon,6,30,0,160
24,10,Mon,6,45,0,160
24,10,Mon,7,0,0,160
24,10,Mon,7,15,0,160
24,10,Mon,7,30,0,160
24,10,Mon,7,45,0,160
24,10,Mon,8,0,0,160
24,10,Mon,8,15,0,160
24,10,Mon,8,30,0,160
24,10,Mon,8,45,0,160
24,10,Mon,9,0,0,160
24,10,Mon,9,15,0,160
24,10,Mon,9,30,0,160
24,10,Mon,9,45,0,160
24,10,Mon,10,0,0,160
24,10,Mon,10,15,0,160
24,10,Mon,10,30,0,160
24,10,Mon,10,45,0,160
24,10,Mon,11,0,0,160
24,10,Mon,11,15,0,160
24,10,Mon,11,30,0,160
24,10,Mon,11,45,0,160
24,10,Mon,12,0,0,160
24,10,Mon,12,15,0,160
24,10,Mon,12,30,0,160
24,10,Mon,12,45,0,160
24,10,Mon,13,0,0,160
24,10,Mon,13,15,0,160
24,10,Mon,13,30,0,160
24,10,Mon,13,45,0,160
24,10,Mon,14,0,0,160
24,10,Mon,14,15,0,160
24,10,Mon,14,30,0,160
24,10,Mon,14,45,0,160
24,10,Mon,15,0,0,160
24,10,Mon,15,15,0,160
24,10,Mon,15,30,0,160
24,10,Mon,15,45,0,160
24,10,Mon,16,0,0,160
24,10,Mon,16,15,0,160
24,10,Mon,16,30,0,160
24,10,Mon,16,45,0,160
24,10,Mon,17,0,0,160
24,10,Mon,17,15,0,160
24,10,Mon,17,30,0,160
24,10,Mon,17,45,0,160
24,10,Mon,18,0,0,160
24,10,Mon,18,15,0,160
24,10,Mon,18,30,0,160
24,10,Mon,18,45,0,160
24,10,Mon,19,0,0,160
24,10,Mon,19,15,0,160
24,10,Mon,19,30,0,160
24,10,Mon,19,45,0,160
24,10,Mon,20,0,0,160
24,10,Mon,20,15,0,160
24,10,Mon,20,30,0,160
24,10,Mon,20,45,0,160
24,10,Mon,21,0,0,160
24,10,Mon,21,15,0,160
24,10,Mon,21,30,0,160
24,10,Mon,21,45,0,160
24,10,Mon,22,0,0,160
24,10,Mon,22,15,0,160
24,10,Mon,22,30,0,160
24,10,Mon,22,45,0,160
24,10,Mon,23,0,0,160
24,10,Mon,23,15,0,160
24,10,Mon,23,30,0,160
24,10,Mon,23,45,0,160
25,10,Tue,0,0,0,160
25,10,Tue,0,15,0,160
25,10,Tue,0,30,0,160
25,10,Tue,0,45,0,160
25,10,Tue,1,0,0,160
25,10,Tue,1,15,0,160
25,10,Tue,1,30,0,160
25,10,Tue,1,45,0,160
25,10,Tue,2,0,0,160
25,10,Tue,2,15,0,160
25,10,Tue,2,30,0,160
25,10,Tue,2,45,0,160
25,10,Tue,3,0,0,160
25,10,Tue,3,15,0,160
25,10,Tue,3,30,0,160
25,10,Tue,3,45,0,160
25,10,Tue,4,0,0,160
25,10,Tue,4,15,0,160
25,10,Tue,4,30,0,160
25,10,Tue,4,45,0,160
25,10,Tue,5,0,0,160
25,10,Tue,5,15,0,160
25,10,Tue,5,30,0,160
25,10,Tue,5,45,0,160
25,10,Tue,6,0,0,160
25,10,Tue,6,15,0,160
25,10,Tue,6,30,0,160
25,10,Tue,6,45,0,160
25,10,Tue,7,0,0,160
25,10,Tue,7,15,0,160
25,10,Tue,7,30,0,160
25,10,Tue,7,45,0,160
25,10,Tue,8,0,0,160
25,10,Tue,8,15,0,160
25,10,Tue,8,30,0,160
25,10,Tue,8,45,0,160
25,10,Tue,9,0,0,160
25,10,Tue,9,15,0,160
25,10,Tue,9,30,0,160
25,10,Tue,9,45,0,160
25,10,Tue,10,0,0,160
25,10,Tue,10,15,0,160
25,10,Tue,10,30,0,160
25,10,Tue,10,45,0,160
25,10,Tue,11,0,0,160
25,10,Tue,11,15,0,160
25,10,Tue,11,30,0,160
25,10,Tue,11,45,0,160
25,10,Tue,12,0,0,160
25,10,Tue,12,15,0,160
25,10,Tue,12,30,0,160
25,10,Tue,12,45,0,160
25,10,Tue,13,0,0,160
25,10,Tue,13,15,0,160
25,10,Tue,13,30,0,160
25,10,Tue,13,45,0,160
25,10,Tue,14,0,0,160
25,10,Tue,14,15,0,160
25,10,Tue,14,30,0,160
25,10,Tue,14,45,0,160
25,10,Tue,15,0,0,160
25,10,Tue,15,15,0,160
25,10,Tue,15,30,0,160
25,10,Tue,15,45,0,160
25,10,Tue,16,0,0,160
25,10,Tue,16,15,0,160
25,10,Tue,16,30,0,160
25,10,Tue,16,45,0,160
25,10,Tue,17,0,0,160
25,10,Tue,17,15,0,160
25,10,Tue,17,30,0,160
25,10,Tue,17,45,0,160
25,10,Tue,18,0,0,160
25,10,Tue,18,15,0,160
25,10,Tue,18,30,0,160
25,10,Tue,18,45,0,160
25,10,Tue,19,0,0,160
25,10,Tue,19,15,0,160
25,10,Tue,19,30,0,160
25,10,Tue,19,45,0,160
25,10,Tue,20,0,0,160
25,10,Tue,20,15,0,160
25,10,Tue,20,30,0,160
25,10,Tue,20,45,0,160
25,10,Tue,21,0,0,160
25,10,Tue,21,15,0,160
25,10,Tue,21,30,0,160
25,10,Tue,21,45,0,160
25,10,Tue,22,0,0,160
25,10,Tue,22,15,0,160
25,10,Tue,22,30,0,160
25,10,Tue,22,45,0,160
25,10,Tue,23,0,0,160
25,10,Tue,23,15,0,160
25,10,Tue,23,30,0,160
25,10,Tue,23,45,0,160
26,10,Wed,0,0,0,160
26,10,Wed,0,15,0,160
26,10,Wed,0,30,0,160
26,10,Wed,0,45,0,212
26,10,Wed,1,0,0,204
26,10,Wed,1,15,0,195
26,10,Wed,1,30,0,187
26,10,Wed,1,45,0,176
26,10,Wed,2,0,0,168
26,10,Wed,2,15,0,166
26,10,Wed,2,30,0,173
26,10,Wed,2,45,0,168
26,10,Wed,3,0,0,164
26,10,Wed,3,15,0,145
26,10,Wed,3,30,0,145
26,10,Wed,3,45,0,145
26,10,Wed,4,0,0,126
26,10,Wed,10,0,0,318
26,10,Wed,10,15,0,316
26,10,Wed,10,30,0,318
26,10,Wed,10,45,0,331
26,10,Wed,11,0,0,343
26,10,Wed,11,15,0,351
26,10,Wed,11,30,0,347
26,10,Wed,11,45,0,340
26,10,Wed,12,0,0,343
26,10,Wed,12,15,0,348
26,10,Wed,12,30,0,344
26,10,Wed,12,45,0,344
26,10,Wed,13,0,0,337
26,10,Wed,13,15,0,338
26,10,Wed,13,30,0,341
26,10,Wed,13,45,0,331
26,10,Wed,14,0,0,324
26,10,Wed,14,15,0,320
26,10,Wed,14,30,0,327
26,10,Wed,14,45,0,327
26,10,Wed,15,0,0,325
26,10,Wed,15,15,0,335
26,10,Wed,15,30,0,330
26,10,Wed,15,45,0,329
26,10,Wed,16,0,0,326
26,10,Wed,16,15,0,332
26,10,Wed,16,30,0,332
26,10,Wed,16,45,0,323
26,10,Wed,17,0,0,330
26,10,Wed,17,15,0,330
26,10,Wed,17,30,0,341
26,10,Wed,17,45,0,343
26,10,Wed,18,0,0,346
26,10,Wed,18,15,0,364
26,10,Wed,18,30,0,365
26,10,Wed,18,45,0,377
26,10,Wed,19,0,0,384
26,10,Wed,19,15,0,386
26,10,Wed,19,30,0,386
26,10,Wed,19,45,0,383
26,10,Wed,20,0,0,378
26,10,Wed,20,15,0,375
26,10,Wed,20,30,0,373
26,10,Wed,20,45,0,365
26,10,Wed,21,0,0,356
26,10,Wed,21,15,0,336
26,10,Wed,21,30,0,325
26,10,Wed,21,45,0,314
26,10,Wed,22,0,0,301
26,10,Wed,22,15,0,286
26,10,Wed,22,30,0,283
26,10,Wed,22,45,0,272
26,10,Wed,23,0,0,259
26,10,Wed,23,15,0,255
26,10,Wed,23,30,0,256
26,10,Wed,23,45,0,246
27,10,Thu,0,0,0,236
27,10,Thu,0,15,0,219
27,10,Thu,0,30,0,222
27,10,Thu,0,45,0,213
27,10,Thu,1,0,0,206
27,10,Thu,1,15,0,199
27,10,Thu,1,30,0,192
27,10,Thu,1,45,0,169
27,10,Thu,2,0,0,168
27,10,Thu,2,15,0,164
27,10,Thu,2,30,0,155
27,10,Thu,2,45,0,142
27,10,Thu,3,0,0,139
27,10,Thu,3,15,0,138
27,10,Thu,3,30,0,138
27,10,Thu,3,45,0,126
27,10,Thu,4,0,0,119
27,10,Thu,4,15,0,114
27,10,Thu,4,30,0,114
27,10,Thu,4,45,0,121
27,10,Thu,5,0,0,128
27,10,Thu,5,15,0,130
27,10,Thu,5,30,0,136
27,10,Thu,5,45,0,158
27,10,Thu,6,0,0,161
27,10,Thu,6,15,0,179
27,10,Thu,6,30,0,184
27,10,Thu,6,45,0,201
27,10,Thu,7,0,0,208
27,10,Thu,7,15,0,212
27,10,Thu,7,30,0,230
27,10,Thu,7,45,0,252
27,10,Thu,8,0,0,259
27,10,Thu,8,15,0,274
27,10,Thu,8,30,0,286
27,10,Thu,8,45,0,312
27,10,Thu,9,0,0,320
27,10,Thu,9,15,0,316
27,10,Thu,9,30,0,320
27,10,Thu,9,45,0,318
27,10,Thu,10,0,0,323
27,10,Thu,10,15,0,321
27,10,Thu,10,30,0,320
27,10,Thu,10,45,0,323
27,10,Thu,11,0,0,335
27,10,Thu,11,15,0,340
27,10,Thu,11,30,0,341
27,10,Thu,11,45,0,337
27,10,Thu,12,0,0,339
27,10,Thu,12,15,0,348
27,10,Thu,12,30,0,349
27,10,Thu,12,45,0,353
27,10,Thu,13,0,0,356
27,10,Thu,13,15,0,347
27,10,Thu,13,30,0,348
27,10,Thu,13,45,0,347
27,10,Thu,14,0,0,340
27,10,Thu,14,15,0,338
27,10,Thu,14,30,0,337
27,10,Thu,14,45,0,344
27,10,Thu,15,0,0,345
27,10,Thu,15,15,0,328
27,10,Thu,15,30,0,327
27,10,Thu,15,45,0,326
27,10,Thu,16,0,0,330
27,10,Thu,16,15,0,337
27,10,Thu,16,30,0,339
27,10,Thu,16,45,0,337
27,10,Thu,17,0,0,340
27,10,Thu,17,15,0,349
27,10,Thu,17,30,0,345
27,10,Thu,17,45,0,363
27,10,Thu,18,0,0,369
27,10,Thu,18,15,0,371
27,10,Thu,18,30,0,375
27,10,Thu,18,45,0,378
27,10,Thu,19,0,0,379
27,10,Thu,19,15,0,380
27,10,Thu,19,30,0,382
27,10,Thu,19,45,0,386
27,10,Thu,20,0,0,384
27,10,Thu,20,15,0,378
27,10,Thu,20,30,0,380
27,10,Thu,20,45,0,381
27,10,Thu,21,0,0,370
27,10,Thu,21,15,0,354
27,10,Thu,21,30,0,344
27,10,Thu,21,45,0,318
27,10,Thu,22,0,0,316
27,10,Thu,22,15,0,303
27,10,Thu,22,30,0,296
27,10,Thu,22,45,0,286
27,10,Thu,23,0,0,270
27,10,Thu,23,15,0,249
27,10,Thu,23,30,0,248
27,10,Thu,23,45,0,242
28,10,Fri,0,0,1,234
28,10,Fri,0,15,1,231
28,10,Fri,0,30,1,236
28,10,Fri,0,45,1,236
28,10,Fri,1,0,1,221
28,10,Fri,1,15,1,213
28,10,Fri,1,30,1,205
28,10,Fri,1,45,1,198
28,10,Fri,2,0,1,192
28,10,Fri,2,15,1,175
28,10,Fri,2,30,1,178
28,10,Fri,2,45,1,173
28,10,Fri,3,0,1,175
28,10,Fri,3,15,1,165
28,10,Fri,3,30,1,160
28,10,Fri,3,45,1,151
28,10,Fri,4,0,1,139
28,10,Fri,4,15,1,124
28,10,Fri,4,30,1,133
28,10,Fri,4,45,1,135
28,10,Fri,5,0,1,139
28,10,Fri,5,15,1,150
28,10,Fri,5,30,1,153
28,10,Fri,5,45,1,169
28,10,Fri,6,0,1,171
28,10,Fri,6,15,1,179
28,10,Fri,6,30,1,184
28,10,Fri,6,45,1,199
28,10,Fri,7,0,1,200
28,10,Fri,7,15,1,207
28,10,Fri,7,30,1,204
28,10,Fri,7,45,1,205
28,10,Fri,8,0,1,205
28,10,Fri,8,15,1,211
28,10,Fri,8,30,1,211
28,10,Fri,8,45,1,223
28,10,Fri,9,0,1,226
28,10,Fri,9,15,1,229
28,10,Fri,9,30,1,234
28,10,Fri,9,45,1,229
28,10,Fri,10,0,1,237
28,10,Fri,10,15,1,238
28,10,Fri,10,30,1,247
28,10,Fri,10,45,1,238
28,10,Fri,11,0,1,244
28,10,Fri,11,15,1,238
28,10,Fri,11,30,1,245
28,10,Fri,11,45,1,249
28,10,Fri,12,0,1,258
28,10,Fri,12,15,1,263
28,10,Fri,12,30,1,266
28,10,Fri,12,45,1,261
28,10,Fri,13,0,1,257
28,10,Fri,13,15,1,259
28,10,Fri,13,30,1,247
28,10,Fri,13,45,1,243
28,10,Fri,14,0,1,239
28,10,Fri,14,15,1,240
28,10,Fri,14,30,1,244
28,10,Fri,14,45,1,246
28,10,Fri,15,0,1,243
28,10,Fri,15,15,1,251
28,10,Fri,15,30,1,253
28,10,Fri,15,45,1,246
28,10,Fri,16,0,1,268
28,10,Fri,16,15,1,275
28,10,Fri,16,30,1,274
28,10,Fri,16,45,1,272
28,10,Fri,17,0,1,273
28,10,Fri,17,15,1,270
28,10,Fri,17,30,1,273
28,10,Fri,17,45,1,279
28,10,Fri,18,0,1,286
28,10,Fri,18,15,1,301
28,10,Fri,18,30,1,306
28,10,Fri,18,45,1,311
28,10,Fri,19,0,1,313
28,10,Fri,19,15,1,329
28,10,Fri,19,30,1,314
28,10,Fri,19,45,1,313
28,10,Fri,20,0,1,319
28,10,Fri,20,15,1,328
28,10,Fri,20,30,1,330
28,10,Fri,20,45,1,331
28,10,Fri,21,0,1,335
28,10,Fri,21,15,1,317
28,10,Fri,21,30,1,316
28,10,Fri,21,45,1,303
28,10,Fri,22,0,1,296
28,10,Fri,22,15,1,283
28,10,Fri,22,30,1,274
28,10,Fri,22,45,1,262
28,10,Fri,23,0,1,254
28,10,Fri,23,15,1,250
28,10,Fri,23,30,1,249
28,10,Fri,23,45,1,242
29,10,Sat,0,0,1,236
29,10,Sat,0,15,1,232
29,10,Sat,0,30,1,225
29,10,Sat,0,45,1,215
29,10,Sat,1,0,1,219
29,10,Sat,1,15,1,203
29,10,Sat,1,30,1,198
29,10,Sat,1,45,1,185
29,10,Sat,2,0,1,178
29,10,Sat,2,15,1,157
29,10,Sat,2,30,1,155
29,10,Sat,2,45,1,157
29,10,Sat,3,0,1,157
29,10,Sat,3,15,1,147
29,10,Sat,3,30,1,139
29,10,Sat,3,45,1,136
29,10,Sat,4,0,1,135
29,10,Sat,4,15,1,133
29,10,Sat,4,30,1,131
29,10,Sat,4,45,1,130
29,10,Sat,5,0,1,133
29,10,Sat,5,15,1,133
29,10,Sat,5,30,1,137
29,10,Sat,5,45,1,162
29,10,Sat,6,0,1,173
29,10,Sat,6,15,1,181
29,10,Sat,6,30,1,188
29,10,Sat,6,45,1,198
29,10,Sat,7,0,1,196
29,10,Sat,7,15,1,204
29,10,Sat,7,30,1,209
29,10,Sat,7,45,1,219
29,10,Sat,8,0,1,223
29,10,Sat,8,15,1,221
29,10,Sat,8,30,1,229
29,10,Sat,8,45,1,240
29,10,Sat,9,0,1,248
29,10,Sat,9,15,1,243
29,10,Sat,9,30,1,245
29,10,Sat,9,45,1,240
29,10,Sat,10,0,1,243
29,10,Sat,10,15,1,251
29,10,Sat,10,30,1,257
29,10,Sat,10,45,1,262
29,10,Sat,11,0,1,278
29,10,Sat,11,15,1,274
29,10,Sat,11,30,1,284
29,10,Sat,11,45,1,295
29,10,Sat,12,0,1,294
29,10,Sat,12,15,1,286
29,10,Sat,12,30,1,283
29,10,Sat,12,45,1,293
29,10,Sat,13,0,1,296
29,10,Sat,13,15,1,298
29,10,Sat,13,30,1,301
29,10,Sat,13,45,1,297
29,10,Sat,14,0,1,292
29,10,Sat,14,15,1,298
29,10,Sat,14,30,1,297
29,10,Sat,14,45,1,294
29,10,Sat,15,0,1,302
29,10,Sat,15,15,1,289
29,10,Sat,15,30,1,301
29,10,Sat,15,45,1,301
29,10,Sat,16,0,1,299
29,10,Sat,16,15,1,307
29,10,Sat,16,30,1,306
29,10,Sat,16,45,1,308
29,10,Sat,17,0,1,315
29,10,Sat,17,15,1,315
29,10,Sat,17,30,1,321
29,10,Sat,17,45,1,335
29,10,Sat,18,0,1,332
29,10,Sat,18,15,1,336
29,10,Sat,18,30,1,341
29,10,Sat,18,45,1,351
29,10,Sat,19,0,1,348
29,10,Sat,19,15,1,352
29,10,Sat,19,30,1,345
29,10,Sat,19,45,1,356
29,10,Sat,20,0,1,355
29,10,Sat,20,15,1,353
29,10,Sat,20,30,1,348
29,10,Sat,20,45,1,339
29,10,Sat,21,0,1,331
29,10,Sat,21,15,1,334
29,10,Sat,21,30,1,326
29,10,Sat,21,45,1,316
29,10,Sat,22,0,1,297
29,10,Sat,22,15,1,290
29,10,Sat,22,30,1,288
29,10,Sat,22,45,1,278
29,10,Sat,23,0,1,264
29,10,Sat,23,15,1,258
29,10,Sat,23,30,1,255
29,10,Sat,23,45,1,244
30,10,Sun,0,0,0,238
30,10,Sun,0,15,0,226
30,10,Sun,0,30,0,222
30,10,Sun,0,45,0,207
30,10,Sun,1,0,0,207
30,10,Sun,1,15,0,202
30,10,Sun,1,30,0,194
30,10,Sun,1,45,0,184
30,10,Sun,2,0,0,180
30,10,Sun,2,15,0,159
30,10,Sun,2,30,0,152
30,10,Sun,2,45,0,142
30,10,Sun,3,0,0,142
30,10,Sun,3,15,0,138
30,10,Sun,3,30,0,128
30,10,Sun,3,45,0,126
30,10,Sun,4,0,0,121
30,10,Sun,4,15,0,124
30,10,Sun,4,30,0,116
30,10,Sun,4,45,0,130
30,10,Sun,5,0,0,133
30,10,Sun,5,15,0,134
30,10,Sun,5,30,0,142
30,10,Sun,5,45,0,163
30,10,Sun,6,0,0,174
30,10,Sun,6,15,0,183
30,10,Sun,6,30,0,191
30,10,Sun,6,45,0,203
30,10,Sun,7,0,0,208
30,10,Sun,7,15,0,208
30,10,Sun,7,30,0,226
30,10,Sun,7,45,0,247
30,10,Sun,8,0,0,259
30,10,Sun,8,15,0,278
30,10,Sun,8,30,0,300
30,10,Sun,8,45,0,306
30,10,Sun,9,0,0,313
30,10,Sun,9,15,0,306
30,10,Sun,9,30,0,307
30,10,Sun,9,45,0,319
30,10,Sun,10,0,0,322
30,10,Sun,10,15,0,330
30,10,Sun,10,30,0,330
30,10,Sun,10,45,0,342
30,10,Sun,11,0,0,355
30,10,Sun,11,15,0,368
30,10,Sun,11,30,0,355
30,10,Sun,11,45,0,363
30,10,Sun,12,0,0,363
30,10,Sun,12,15,0,357
30,10,Sun,12,30,0,354
30,10,Sun,12,45,0,359
30,10,Sun,13,0,0,357
30,10,Sun,13,15,0,365
30,10,Sun,13,30,0,357
30,10,Sun,13,45,0,346
30,10,Sun,14,0,0,347
30,10,Sun,14,15,0,332
30,10,Sun,14,30,0,330
30,10,Sun,14,45,0,327
30,10,Sun,15,0,0,336
30,10,Sun,15,15,0,321
30,10,Sun,15,30,0,319
30,10,Sun,15,45,0,318
30,10,Sun,16,0,0,316
30,10,Sun,16,15,0,318
30,10,Sun,16,30,0,320
30,10,Sun,16,45,0,317
30,10,Sun,17,0,0,318
30,10,Sun,17,15,0,336
30,10,Sun,17,30,0,345
30,10,Sun,17,45,0,357
30,10,Sun,18,0,0,362
30,10,Sun,18,15,0,361
30,10,Sun,18,30,0,371
30,10,Sun,18,45,0,377
30,10,Sun,19,0,0,382
30,10,Sun,19,15,0,381
30,10,Sun,19,30,0,390
30,10,Sun,19,45,0,394
30,10,Sun,20,0,0,390
30,10,Sun,20,15,0,374
30,10,Sun,20,30,0,370
30,10,Sun,20,45,0,364
30,10,Sun,21,0,0,362
30,10,Sun,21,15,0,347
30,10,Sun,21,30,0,325
30,10,Sun,21,45,0,326
30,10,Sun,22,0,0,313
30,10,Sun,22,15,0,300
30,10,Sun,22,30,0,289
30,10,Sun,22,45,0,271
30,10,Sun,23,0,0,261
30,10,Sun,23,15,0,258
30,10,Sun,23,30,0,260
30,10,Sun,23,45,0,256
31,10,Mon,0,0,0,239
31,10,Mon,0,15,0,227
31,10,Mon,0,30,0,220
31,10,Mon,0,45,0,211
31,10,Mon,1,0,0,211
31,10,Mon,1,15,0,202
31,10,Mon,1,30,0,194
31,10,Mon,1,45,0,188
31,10,Mon,2,0,0,179
31,10,Mon,2,15,0,172
31,10,Mon,2,30,0,162
31,10,Mon,2,45,0,168
31,10,Mon,3,0,0,163
31,10,Mon,3,15,0,135
31,10,Mon,3,30,0,137
31,10,Mon,3,45,0,133
31,10,Mon,4,0,0,125
31,10,Mon,4,15,0,126
31,10,Mon,4,30,0,122
31,10,Mon,4,45,0,126
31,10,Mon,5,0,0,134
31,10,Mon,5,15,0,137
31,10,Mon,5,30,0,149
31,10,Mon,5,45,0,167
31,10,Mon,6,0,0,169
31,10,Mon,6,15,0,190
31,10,Mon,6,30,0,196
31,10,Mon,6,45,0,204
31,10,Mon,7,0,0,210
31,10,Mon,7,15,0,217
31,10,Mon,7,30,0,233
31,10,Mon,7,45,0,263
31,10,Mon,8,0,0,270
31,10,Mon,8,15,0,276
31,10,Mon,8,30,0,294
31,10,Mon,8,45,0,315
31,10,Mon,9,0,0,321
31,10,Mon,9,15,0,314
31,10,Mon,9,30,0,321
31,10,Mon,9,45,0,317
31,10,Mon,10,0,0,325
31,10,Mon,10,15,0,335
31,10,Mon,10,30,0,330
31,10,Mon,10,45,0,337
31,10,Mon,11,0,0,345
31,10,Mon,11,15,0,356
31,10,Mon,11,30,0,351
31,10,Mon,11,45,0,356
31,10,Mon,12,0,0,353
31,10,Mon,12,15,0,369
31,10,Mon,12,30,0,366
31,10,Mon,12,45,0,361
31,10,Mon,13,0,0,361
31,10,Mon,13,15,0,356
31,10,Mon,13,30,0,347
31,10,Mon,13,45,0,349
31,10,Mon,14,0,0,350
31,10,Mon,14,15,0,356
31,10,Mon,14,30,0,355
31,10,Mon,14,45,0,352
31,10,Mon,15,0,0,347
31,10,Mon,15,15,0,334
31,10,Mon,15,30,0,342
31,10,Mon,15,45,0,348
31,10,Mon,16,0,0,336
31,10,Mon,16,15,0,339
31,10,Mon,16,30,0,345
31,10,Mon,16,45,0,337
31,10,Mon,17,0,0,344
31,10,Mon,17,15,0,341
31,10,Mon,17,30,0,351
31,10,Mon,17,45,0,350
31,10,Mon,18,0,0,360
31,10,Mon,18,15,0,374
31,10,Mon,18,30,0,375
31,10,Mon,18,45,0,376
31,10,Mon,19,0,0,377
31,10,Mon,19,15,0,382
31,10,Mon,19,30,0,376
31,10,Mon,19,45,0,388
31,10,Mon,20,0,0,389
31,10,Mon,20,15,0,383
31,10,Mon,20,30,0,370
31,10,Mon,20,45,0,381
31,10,Mon,21,0,0,354
31,10,Mon,21,15,0,349
31,10,Mon,21,30,0,329
31,10,Mon,21,45,0,318
31,10,Mon,22,0,0,303
31,10,Mon,22,15,0,286
31,10,Mon,22,30,0,279
31,10,Mon,22,45,0,269
31,10,Mon,23,0,0,266
31,10,Mon,23,15,0,254
31,10,Mon,23,30,0,249
31,10,Mon,23,45,0,245
1,11,Tue,0,0,0,238
